Date,AMZN,TSLA,AAPL,NVDA,MSFT
2019-12-13 00:00:00-05:00,88.0469970703125,23.892667770385742,66.68827819824219,5.5763726234436035,147.80567932128906
2019-12-16 00:00:00-05:00,88.46050262451172,25.433332443237305,67.82984161376953,5.605251789093018,148.76217651367188
2019-12-17 00:00:00-05:00,89.53299713134766,25.266000747680664,67.96314239501953,5.683423042297363,147.95875549316406
2019-12-18 00:00:00-05:00,89.20149993896484,26.209999084472656,67.8007583618164,5.713796615600586,147.6526641845703
2019-12-19 00:00:00-05:00,89.61399841308594,26.93600082397461,67.86863708496094,5.8619256019592285,148.9343719482422
2019-12-20 00:00:00-05:00,89.32499694824219,27.03933334350586,67.72802734375,5.95926570892334,150.5603485107422
2019-12-23 00:00:00-05:00,89.6500015258789,27.947999954223633,68.83326721191406,5.945574760437012,150.5603485107422
2019-12-24 00:00:00-05:00,89.46050262451172,28.350000381469727,68.8987045288086,5.9405951499938965,150.5316925048828
2019-12-26 00:00:00-05:00,93.4384994506836,28.729333877563477,70.26567077636719,5.95478630065918,151.76553344726562
2019-12-27 00:00:00-05:00,93.48999786376953,28.691999435424805,70.23898315429688,5.897027015686035,152.04290771484375
2019-12-30 00:00:00-05:00,92.34449768066406,27.64666748046875,70.65587615966797,5.783753871917725,150.7325439453125
2019-12-31 00:00:00-05:00,92.39199829101562,27.8886661529541,71.17213439941406,5.857942581176758,150.8377227783203
2020-01-02 00:00:00-05:00,94.90049743652344,28.68400001525879,72.79602813720703,5.972710132598877,153.6306915283203
2020-01-03 00:00:00-05:00,93.74849700927734,29.534000396728516,72.08829498291016,5.877112865447998,151.71771240234375
2020-01-06 00:00:00-05:00,95.14399719238281,30.1026668548584,72.66268920898438,5.901758193969727,152.10986328125
2020-01-07 00:00:00-05:00,95.34300231933594,31.270666122436523,72.32098388671875,5.973208427429199,150.72296142578125
2020-01-08 00:00:00-05:00,94.59850311279297,32.80933380126953,73.48434448242188,5.984411239624023,153.12374877929688
2020-01-09 00:00:00-05:00,95.05249786376953,32.089332580566406,75.04521942138672,6.050137042999268,155.03668212890625
2020-01-10 00:00:00-05:00,94.15799713134766,31.876667022705078,75.21488952636719,6.082500457763672,154.31935119628906
2020-01-13 00:00:00-05:00,94.56500244140625,34.990665435791016,76.82182312011719,6.2732014656066895,156.1749725341797
2020-01-14 00:00:00-05:00,93.47200012207031,35.861331939697266,75.7844467163086,6.156192302703857,155.07498168945312
2020-01-15 00:00:00-05:00,93.10099792480469,34.56666564941406,75.45965576171875,6.113619327545166,156.0792999267578
2020-01-16 00:00:00-05:00,93.89700317382812,34.232666015625,76.40492248535156,6.197268962860107,158.93919372558594
2020-01-17 00:00:00-05:00,93.23600006103516,34.03333282470703,77.25078582763672,6.2059831619262695,159.8287353515625
2020-01-21 00:00:00-05:00,94.5999984741211,36.47999954223633,76.72728729248047,6.1726226806640625,159.2548370361328
2020-01-22 00:00:00-05:00,94.37300109863281,37.97066879272461,77.00113677978516,6.226645469665527,158.48960876464844
2020-01-23 00:00:00-05:00,94.22899627685547,38.14666748046875,77.37199401855469,6.295109272003174,159.46530151367188
2020-01-24 00:00:00-05:00,93.08200073242188,37.654666900634766,77.14899444580078,6.235857009887695,157.8583526611328
2020-01-27 00:00:00-05:00,91.41699981689453,37.201332092285156,74.88040161132812,5.979930400848389,155.21847534179688
2020-01-28 00:00:00-05:00,92.6624984741211,37.793331146240234,76.99874114990234,6.173369884490967,158.2600860595703
2020-01-29 00:00:00-05:00,92.9000015258789,38.732666015625,78.61048889160156,6.1128716468811035,160.7278289794922
2020-01-30 00:00:00-05:00,93.53399658203125,42.72066879272461,78.49657440185547,6.119595527648926,165.2615509033203
2020-01-31 00:00:00-05:00,100.43599700927734,43.371334075927734,75.01612091064453,5.886073589324951,162.82252502441406
2020-02-03 00:00:00-05:00,100.20999908447266,52.0,74.81011962890625,5.98316764831543,166.7919158935547
2020-02-04 00:00:00-05:00,102.4834976196289,59.137332916259766,77.27986907958984,6.152456283569336,172.28211975097656
2020-02-05 00:00:00-05:00,101.99349975585938,48.97999954223633,77.91004180908203,6.242828845977783,172.07174682617188
2020-02-06 00:00:00-05:00,102.5114974975586,49.930667877197266,78.82133483886719,6.329713821411133,175.639404296875
2020-02-07 00:00:00-05:00,103.96399688720703,49.871334075927734,77.74996185302734,6.263491630554199,175.88807678222656
2020-02-10 00:00:00-05:00,106.69550323486328,51.41866683959961,78.1192398071289,6.546804428100586,180.48878479003906
2020-02-11 00:00:00-05:00,107.54000091552734,51.62533187866211,77.64791107177734,6.669290542602539,176.4141845703125
2020-02-12 00:00:00-05:00,108.0,51.15266799926758,79.49189758300781,6.785055160522461,176.67247009277344
2020-02-13 00:00:00-05:00,107.49349975585938,53.599998474121094,78.9258041381836,6.741239547729492,175.71597290039062
2020-02-14 00:00:00-05:00,106.74349975585938,53.33533477783203,78.94525146484375,7.214504718780518,177.28460693359375
2020-02-18 00:00:00-05:00,107.78350067138672,57.22666549682617,77.49972534179688,7.383297443389893,179.08282470703125
2020-02-19 00:00:00-05:00,108.51100158691406,61.16133117675781,78.62213134765625,7.83465576171875,179.61981201171875
2020-02-20 00:00:00-05:00,107.65499877929688,59.96066665649414,77.81555938720703,7.685281276702881,176.87684631347656
2020-02-21 00:00:00-05:00,104.79850006103516,60.06666564941406,76.05419158935547,7.321057319641113,171.28529357910156
2020-02-24 00:00:00-05:00,100.4645004272461,55.58599853515625,72.44158172607422,6.8034772872924805,163.90023803710938
2020-02-25 00:00:00-05:00,98.63700103759766,53.32733154296875,69.98783874511719,6.523900032043457,161.1956024169922
2020-02-26 00:00:00-05:00,98.97949981689453,51.91999816894531,71.09811401367188,6.66331672668457,163.20970153808594
2020-02-27 00:00:00-05:00,94.21499633789062,45.266666412353516,66.4505615234375,6.292397499084473,151.71011352539062
2020-02-28 00:00:00-05:00,94.1875,44.53266525268555,66.41166687011719,6.727584362030029,155.3834228515625
2020-03-02 00:00:00-05:00,97.69750213623047,49.574668884277344,72.59465026855469,6.886016368865967,165.7225341796875
2020-03-03 00:00:00-05:00,95.44950103759766,49.70066833496094,70.28910064697266,6.6234588623046875,157.7811737060547
2020-03-04 00:00:00-05:00,98.79149627685547,49.96666717529297,73.54940032958984,7.087292671203613,163.5741729736328
2020-03-05 00:00:00-05:00,96.20149993896484,48.30266571044922,71.1636962890625,6.807796478271484,159.4691925048828
2020-03-06 00:00:00-05:00,95.05449676513672,46.89866638183594,70.2186279296875,6.627195835113525,154.9614715576172
2020-03-09 00:00:00-04:00,90.03050231933594,40.53333282470703,64.6648941040039,6.11403751373291,144.45932006835938
2020-03-10 00:00:00-04:00,94.59100341796875,43.02199935913086,69.32215881347656,6.503639221191406,154.33804321289062
2020-03-11 00:00:00-04:00,91.04299926757812,42.28200149536133,66.9145736694336,6.139697551727295,147.34620666503906
2020-03-12 00:00:00-04:00,83.83049774169922,37.369998931884766,60.30644607543945,5.3883957862854,133.37217712402344
2020-03-13 00:00:00-04:00,89.25,36.44133377075195,67.53163146972656,5.999449729919434,152.33355712890625
2020-03-16 00:00:00-04:00,84.4574966430664,29.67133331298828,58.843910217285156,4.892426013946533,129.88104248046875
2020-03-17 00:00:00-04:00,90.39199829101562,28.68000030517578,61.4312858581543,5.412309169769287,140.57501220703125
2020-03-18 00:00:00-04:00,91.5,24.08133316040039,59.92744827270508,5.052352428436279,134.6573486328125
2020-03-19 00:00:00-04:00,94.04650115966797,28.50933265686035,59.468284606933594,5.305193901062012,136.87290954589844
2020-03-20 00:00:00-04:00,92.30449676513672,28.50200080871582,55.69290542602539,5.125339508056641,131.7321319580078
2020-03-23 00:00:00-04:00,95.1415023803711,28.952667236328125,54.509769439697266,5.298218727111816,130.41812133789062
2020-03-24 00:00:00-04:00,97.00499725341797,33.66666793823242,59.97847366333008,6.2072038650512695,142.27261352539062
2020-03-25 00:00:00-04:00,94.29199981689453,35.95000076293945,59.6480712890625,6.1185221672058105,140.91067504882812
2020-03-26 00:00:00-04:00,97.77449798583984,35.21066665649414,62.78691864013672,6.40798282623291,149.72476196289062
2020-03-27 00:00:00-04:00,95.00499725341797,34.29066848754883,60.18740463256836,6.295636177062988,143.5769500732422
2020-03-30 00:00:00-04:00,98.19750213623047,33.47533416748047,61.905033111572266,6.615985870361328,153.67623901367188
2020-03-31 00:00:00-04:00,97.48600006103516,34.93333435058594,61.77869415283203,6.5664143562316895,151.2593536376953
2020-04-01 00:00:00-04:00,95.38500213623047,32.104000091552734,58.5280876159668,6.055000305175781,145.88839721679688
2020-04-02 00:00:00-04:00,95.94149780273438,30.29800033569336,59.504722595214844,6.363890647888184,148.90953063964844
2020-04-03 00:00:00-04:00,95.32949829101562,32.000667572021484,58.64955520629883,6.075926303863525,147.53805541992188
2020-04-06 00:00:00-04:00,99.87950134277344,34.41600036621094,63.76599884033203,6.685983180999756,158.51010131835938
2020-04-07 00:00:00-04:00,100.58000183105469,36.36333465576172,63.027435302734375,6.452572345733643,156.80294799804688
2020-04-08 00:00:00-04:00,102.1500015258789,36.589332580566406,64.6406021118164,6.649864196777344,158.3758544921875
2020-04-09 00:00:00-04:00,102.13800048828125,38.20000076293945,65.1070327758789,6.5502214431762695,158.3854522705078
2020-04-13 00:00:00-04:00,108.44349670410156,43.39666748046875,66.38495635986328,6.722104072570801,158.74032592773438
2020-04-14 00:00:00-04:00,114.16600036621094,47.32600021362305,69.73759460449219,7.073342323303223,166.5953369140625
2020-04-15 00:00:00-04:00,115.38400268554688,48.65533447265625,69.10108184814453,6.995870590209961,164.84974670410156
2020-04-16 00:00:00-04:00,120.40950012207031,49.680667877197266,69.65013885498047,7.34113073348999,169.7987060546875
2020-04-17 00:00:00-04:00,118.75,50.259334564208984,68.70508575439453,7.281843662261963,171.29490661621094
2020-04-20 00:00:00-04:00,119.68049621582031,49.75733184814453,67.27899169921875,7.150565147399902,167.899658203125
2020-04-21 00:00:00-04:00,116.40599822998047,45.781333923339844,65.1993637084961,6.713634490966797,160.95582580566406
2020-04-22 00:00:00-04:00,118.17449951171875,48.807334899902344,67.07733917236328,7.128146171569824,166.4226837158203
2020-04-23 00:00:00-04:00,119.97250366210938,47.04199981689453,66.81739807128906,7.0748372077941895,164.4085235595703
2020-04-24 00:00:00-04:00,120.51100158691406,48.34333419799805,68.74638366699219,7.213837623596191,167.41053771972656
2020-04-27 00:00:00-04:00,118.80000305175781,53.25,68.79498291015625,7.400418758392334,166.93099975585938
2020-04-28 00:00:00-04:00,115.7040023803711,51.27466583251953,67.67985534667969,7.25792932510376,162.8644256591797
2020-04-29 00:00:00-04:00,118.635498046875,53.367332458496094,69.90281677246094,7.4347944259643555,170.17276000976562
2020-04-30 00:00:00-04:00,123.69999694824219,52.12533187866211,71.37747192382812,7.280848026275635,171.87997436523438
2020-05-01 00:00:00-04:00,114.302001953125,46.75466537475586,70.2283706665039,7.044197082519531,167.4297332763672
2020-05-04 00:00:00-04:00,115.79949951171875,50.74599838256836,71.22200012207031,7.256186008453369,171.52508544921875
2020-05-05 00:00:00-04:00,115.88999938964844,51.2140007019043,72.29095458984375,7.317215919494629,173.3665313720703
2020-05-06 00:00:00-04:00,117.56300354003906,52.172000885009766,73.03681182861328,7.418105125427246,175.07374572753906
2020-05-07 00:00:00-04:00,118.38050079345703,52.00266647338867,73.7923812866211,7.594470977783203,176.09042358398438
2020-05-08 00:00:00-04:00,118.98049926757812,54.62799835205078,75.54875183105469,7.784538745880127,177.126220703125
2020-05-11 00:00:00-04:00,120.44999694824219,54.08599853515625,76.73753356933594,8.036633491516113,179.10194396972656
2020-05-12 00:00:00-04:00,117.84750366210938,53.96066665649414,75.86055755615234,7.77457332611084,175.0449676513672
2020-05-13 00:00:00-04:00,118.39600372314453,52.73066711425781,74.94461822509766,7.752155303955078,172.39785766601562
2020-05-14 00:00:00-04:00,119.44249725341797,53.55533218383789,75.405029296875,8.00175952911377,173.14596557617188
2020-05-15 00:00:00-04:00,120.48899841308594,53.27799987792969,74.95922088623047,8.460360527038574,175.66836547851562
2020-05-18 00:00:00-04:00,121.31300354003906,54.242000579833984,76.72533416748047,8.71893310546875,177.3467559814453
2020-05-19 00:00:00-04:00,122.46649932861328,53.867332458496094,76.28199005126953,8.773985862731934,176.11915588378906
2020-05-20 00:00:00-04:00,124.89700317382812,54.37066650390625,77.76554870605469,8.937897682189941,178.56207275390625
2020-05-21 00:00:00-04:00,122.33699798583984,55.17333221435547,77.1857681274414,8.743841171264648,176.41732788085938
2020-05-22 00:00:00-04:00,121.84400177001953,54.45866775512695,77.6827163696289,8.993946075439453,176.4942626953125
2020-05-26 00:00:00-04:00,121.09300231933594,54.591331481933594,77.15653228759766,8.686546325683594,174.62840270996094
2020-05-27 00:00:00-04:00,120.51950073242188,54.68199920654297,77.49271392822266,8.494739532470703,174.85923767089844
2020-05-28 00:00:00-04:00,120.05500030517578,53.72066879272461,77.52681732177734,8.456624984741211,174.4648895263672
2020-05-29 00:00:00-04:00,122.11849975585938,55.66666793823242,77.45130157470703,8.843731880187988,176.24423217773438
2020-06-01 00:00:00-04:00,123.552001953125,59.87333297729492,78.4037857055664,8.77473258972168,175.8402099609375
2020-06-02 00:00:00-04:00,123.62049865722656,58.770668029785156,78.76676177978516,8.793661117553711,177.8406982421875
2020-06-03 00:00:00-04:00,123.91999816894531,58.86399841308594,79.20036315917969,8.738110542297363,178.27354431152344
2020-06-04 00:00:00-04:00,123.02999877929688,57.62533187866211,78.51830291748047,8.739109992980957,175.9268341064453
2020-06-05 00:00:00-04:00,124.1500015258789,59.04399871826172,80.75454711914062,8.892128944396973,180.04315185546875
2020-06-08 00:00:00-04:00,126.2030029296875,63.327999114990234,81.23200225830078,8.777491569519043,181.15884399414062
2020-06-09 00:00:00-04:00,130.04299926757812,62.711334228515625,83.79716491699219,9.017735481262207,182.54379272460938
2020-06-10 00:00:00-04:00,132.37249755859375,68.336669921875,85.95304870605469,9.337482452392578,189.31459045410156
2020-06-11 00:00:00-04:00,127.89800262451172,64.85600280761719,81.826416015625,8.768767356872559,179.1487274169922
2020-06-12 00:00:00-04:00,127.2509994506836,62.35200119018555,82.53284454345703,8.904589653015137,180.56253051757812
2020-06-15 00:00:00-04:00,128.63400268554688,66.05999755859375,83.55355072021484,9.145087242126465,181.71669006347656
2020-06-16 00:00:00-04:00,130.7635040283203,65.47533416748047,85.7679214477539,9.040166854858398,186.16966247558594
2020-06-17 00:00:00-04:00,132.0489959716797,66.11933135986328,85.64855194091797,9.207141876220703,186.81402587890625
2020-06-18 00:00:00-04:00,132.69900512695312,66.9306640625,85.68267822265625,9.189199447631836,188.8144989013672
2020-06-19 00:00:00-04:00,133.75050354003906,66.72666931152344,85.19300842285156,9.232315063476562,187.6892547607422
2020-06-22 00:00:00-04:00,135.6909942626953,66.28800201416016,87.42198181152344,9.49698543548584,192.90203857421875
2020-06-23 00:00:00-04:00,138.2205047607422,66.78533172607422,89.2879867553711,9.4204740524292,194.19082641601562
2020-06-24 00:00:00-04:00,136.72000122070312,64.0566635131836,87.71187591552734,9.206643104553223,190.2763671875
2020-06-25 00:00:00-04:00,137.72900390625,65.73200225830078,88.87629699707031,9.460350036621094,192.68081665039062
2020-06-26 00:00:00-04:00,134.64349365234375,63.982666015625,86.14550018310547,9.126396179199219,188.82412719726562
2020-06-29 00:00:00-04:00,134.0189971923828,67.29000091552734,88.1308822631836,9.171255111694336,190.85345458984375
2020-06-30 00:00:00-04:00,137.9409942626953,71.98733520507812,88.86654663085938,9.468076705932617,195.72962951660156
2020-07-01 00:00:00-04:00,143.93499755859375,74.64199829101562,88.6984634399414,9.500224113464355,196.87411499023438
2020-07-02 00:00:00-04:00,144.51499938964844,80.57733154296875,88.6984634399414,9.582216262817383,198.37451171875
2020-07-06 00:00:00-04:00,152.8520050048828,91.43866729736328,91.07115173339844,9.808507919311523,202.644775390625
2020-07-07 00:00:00-04:00,150.00599670410156,92.65733337402344,90.78858947753906,9.840906143188477,200.2884063720703
2020-07-08 00:00:00-04:00,154.0554962158203,91.05867004394531,92.90306854248047,10.184080123901367,204.6933135986328
2020-07-09 00:00:00-04:00,159.13150024414062,92.9520034790039,93.30259704589844,10.476166725158691,206.12637329101562
2020-07-10 00:00:00-04:00,160.0,102.97666931152344,93.4657974243164,10.446508407592773,205.50120544433594
2020-07-13 00:00:00-04:00,155.1999969482422,99.80400085449219,93.03461456298828,10.020843505859375,199.153564453125
2020-07-14 00:00:00-04:00,154.1999969482422,101.12000274658203,94.57418823242188,10.344575881958008,200.38462829589844
2020-07-15 00:00:00-04:00,150.44349670410156,103.06732940673828,95.22460174560547,10.195297241210938,200.08644104003906
2020-07-16 00:00:00-04:00,149.9949951171875,100.04266357421875,94.0528793334961,10.1030855178833,196.12396240234375
2020-07-17 00:00:00-04:00,148.09849548339844,100.05599975585938,93.86287689208984,10.169628143310547,195.1237030029297
2020-07-20 00:00:00-04:00,159.8419952392578,109.53333282470703,95.84093475341797,10.477910995483398,203.51036071777344
2020-07-21 00:00:00-04:00,156.9145050048828,104.55733489990234,94.51815795898438,10.29623031616211,200.76931762695312
2020-07-22 00:00:00-04:00,154.99549865722656,106.15533447265625,94.7836685180664,10.406133651733398,203.65463256835938
2020-07-23 00:00:00-04:00,149.32749938964844,100.87133026123047,90.4694595336914,10.098101615905762,194.7967071533203
2020-07-24 00:00:00-04:00,150.44549560546875,94.46666717529297,90.24535369873047,10.162647247314453,193.60414123535156
2020-07-27 00:00:00-04:00,152.760498046875,102.63999938964844,92.38420104980469,10.388937950134277,196.05667114257812
2020-07-28 00:00:00-04:00,150.01649475097656,98.43267059326172,90.86654663085938,10.183581352233887,194.29661560058594
2020-07-29 00:00:00-04:00,151.67649841308594,99.94066619873047,92.60830688476562,10.432802200317383,196.2586212158203
2020-07-30 00:00:00-04:00,152.593994140625,99.16600036621094,93.7288818359375,10.580839157104492,196.104736328125
2020-07-31 00:00:00-04:00,158.23399353027344,95.38400268554688,103.54122924804688,10.581584930419922,197.1722869873047
2020-08-03 00:00:00-04:00,155.59449768066406,99.0,106.15022277832031,10.975849151611328,208.26148986816406
2020-08-04 00:00:00-04:00,156.94149780273438,99.13333129882812,106.85912322998047,11.192668914794922,205.13571166992188
2020-08-05 00:00:00-04:00,160.25149536132812,99.00133514404297,107.24642944335938,11.251485824584961,204.7991180419922
2020-08-06 00:00:00-04:00,161.25,99.30533599853516,110.98818969726562,11.300081253051758,208.0787353515625
2020-08-07 00:00:00-04:00,158.3730010986328,96.84733581542969,108.46478271484375,11.164509773254395,204.35670471191406
2020-08-10 00:00:00-04:00,157.4080047607422,94.57133483886719,110.04129791259766,11.130115509033203,200.2884063720703
2020-08-11 00:00:00-04:00,154.0334930419922,91.6259994506836,106.76869201660156,10.816099166870117,195.60462951660156
2020-08-12 00:00:00-04:00,158.11199951171875,103.65066528320312,110.31707763671875,11.40450668334961,201.1924591064453
2020-08-13 00:00:00-04:00,158.05099487304688,108.06666564941406,112.26941680908203,11.407247543334961,200.72120666503906
2020-08-14 00:00:00-04:00,157.4010009765625,110.04733276367188,112.16934967041016,11.52786922454834,200.91354370117188
2020-08-17 00:00:00-04:00,159.12049865722656,122.3759994506836,111.87651062011719,12.298453330993652,202.24081420898438
2020-08-18 00:00:00-04:00,165.62449645996094,125.80599975585938,112.80874633789062,12.222441673278809,203.40457153320312
2020-08-19 00:00:00-04:00,163.0240020751953,125.23533630371094,112.95027923583984,12.10057544708252,202.17051696777344
2020-08-20 00:00:00-04:00,164.86849975585938,133.45533752441406,115.45661926269531,12.103068351745605,206.8752899169922
2020-08-21 00:00:00-04:00,164.23599243164062,136.6653289794922,121.4063720703125,12.643874168395996,205.3712921142578
2020-08-24 00:00:00-04:00,165.3730010986328,134.27999877929688,122.8584213256836,12.68050765991211,206.01724243164062
2020-08-25 00:00:00-04:00,167.32449340820312,134.8893280029297,121.85052490234375,12.710164070129395,208.69744873046875
2020-08-26 00:00:00-04:00,172.09249877929688,143.54466247558594,123.507568359375,12.733089447021484,213.20938110351562
2020-08-27 00:00:00-04:00,170.0,149.25,122.03113555908203,12.588794708251953,218.44442749023438
2020-08-28 00:00:00-04:00,170.08999633789062,147.55999755859375,121.83345031738281,13.106671333312988,220.69076538085938
2020-08-31 00:00:00-04:00,172.54800415039062,166.10667419433594,125.9650650024414,13.332712173461914,217.43212890625
2020-09-01 00:00:00-04:00,174.95599365234375,158.35000610351562,130.98260498046875,13.781940460205078,219.10964965820312
2020-09-02 00:00:00-04:00,176.57249450683594,149.1233367919922,128.2688446044922,14.305953025817871,223.33238220214844
2020-09-03 00:00:00-04:00,168.39999389648438,135.6666717529297,117.99951934814453,12.978716850280762,209.4976348876953
2020-09-04 00:00:00-04:00,164.7310028076172,139.44000244140625,118.07763671875,12.586827278137207,206.5571746826172
2020-09-08 00:00:00-04:00,157.49200439453125,110.06999969482422,110.13159942626953,11.879332542419434,195.38331604003906
2020-09-09 00:00:00-04:00,163.4304962158203,122.09333038330078,114.52436828613281,12.67906379699707,203.70339965820312
2020-09-10 00:00:00-04:00,158.7554931640625,123.77999877929688,110.78563690185547,12.276956558227539,197.99595642089844
2020-09-11 00:00:00-04:00,155.81100463867188,124.23999786376953,109.33113098144531,12.130120277404785,196.70408630371094
2020-09-14 00:00:00-04:00,155.14849853515625,139.8733367919922,112.6110610961914,12.835869789123535,198.03456115722656
2020-09-15 00:00:00-04:00,157.80650329589844,149.9199981689453,112.78678131103516,12.95428466796875,201.28355407714844
2020-09-16 00:00:00-04:00,153.90499877929688,147.25332641601562,109.45804595947266,12.479130744934082,197.68743896484375
2020-09-17 00:00:00-04:00,150.43649291992188,141.14332580566406,107.7106704711914,12.428277015686035,195.6243438720703
2020-09-18 00:00:00-04:00,147.74549865722656,147.38333129882812,104.29409790039062,12.154800415039062,193.1947784423828
2020-09-21 00:00:00-04:00,148.02349853515625,149.79666137695312,107.45687866210938,12.481876373291016,195.26759338378906
2020-09-22 00:00:00-04:00,156.44949340820312,141.41000366210938,109.14566040039062,12.602034568786621,199.97238159179688
2020-09-23 00:00:00-04:00,149.9929962158203,126.78666687011719,104.56743621826172,12.089485168457031,193.38760375976562
2020-09-24 00:00:00-04:00,150.989501953125,129.26333618164062,105.64122009277344,12.313100814819336,195.89422607421875
2020-09-25 00:00:00-04:00,154.75650024414062,135.77999877929688,109.60446166992188,12.837367057800293,200.35800170898438
2020-09-28 00:00:00-04:00,158.70249938964844,140.39999389648438,112.2206039428711,12.998160362243652,201.91986083984375
2020-09-29 00:00:00-04:00,157.24400329589844,139.69000244140625,111.37134552001953,13.188370704650879,199.81813049316406
2020-09-30 00:00:00-04:00,157.43649291992188,143.00332641601562,113.05036163330078,13.492260932922363,202.7779083251953
2020-10-01 00:00:00-04:00,161.06300354003906,149.3866729736328,114.00700378417969,13.57602310180664,204.83143615722656
2020-10-02 00:00:00-04:00,156.25,138.3633270263672,110.32682037353516,13.025334358215332,198.78652954101562
2020-10-05 00:00:00-04:00,159.9600067138672,141.89332580566406,113.72392272949219,13.603943824768066,202.8260955810547
2020-10-06 00:00:00-04:00,154.9980010986328,137.9933319091797,110.46347045898438,13.697681427001953,198.51661682128906
2020-10-07 00:00:00-04:00,159.7845001220703,141.76666259765625,112.33773040771484,13.924534797668457,202.2958526611328
2020-10-08 00:00:00-04:00,159.52749633789062,141.97332763671875,112.23037719726562,13.799638748168945,203.01895141601562
2020-10-09 00:00:00-04:00,164.33250427246094,144.6666717529297,114.18270874023438,13.72385311126709,208.06114196777344
2020-10-12 00:00:00-04:00,172.14649963378906,147.43333435058594,121.43565368652344,14.185794830322266,213.450439453125
2020-10-13 00:00:00-04:00,172.18150329589844,148.88333129882812,118.21427917480469,14.207982063293457,214.85797119140625
2020-10-14 00:00:00-04:00,168.1855010986328,153.76666259765625,118.3021469116211,14.055415153503418,212.92977905273438
2020-10-15 00:00:00-04:00,166.9324951171875,149.6266632080078,117.8335952758789,13.93051815032959,211.7729034423828
2020-10-16 00:00:00-04:00,163.635498046875,146.55667114257812,116.18384552001953,13.772465705871582,211.7729034423828
2020-10-19 00:00:00-04:00,160.36050415039062,143.61000061035156,113.2162857055664,13.459603309631348,206.5282440185547
2020-10-20 00:00:00-04:00,160.85049438476562,140.64666748046875,114.70984649658203,13.606937408447266,206.9427490234375
2020-10-21 00:00:00-04:00,159.2469940185547,140.8800048828125,114.0850830078125,13.486525535583496,207.08740234375
2020-10-22 00:00:00-04:00,158.82000732421875,141.92999267578125,112.99176788330078,13.323240280151367,207.17417907714844
2020-10-23 00:00:00-04:00,160.22000122070312,140.2100067138672,112.29869842529297,13.55184268951416,208.46604919433594
2020-10-26 00:00:00-04:00,160.3520050048828,140.0933380126953,112.30845642089844,13.104110717773438,202.53688049316406
2020-10-27 00:00:00-04:00,164.31649780273438,141.55999755859375,113.82152557373047,13.358888626098633,205.5930633544922
2020-10-28 00:00:00-04:00,158.13900756835938,135.33999633789062,108.55020904541016,12.591316223144531,195.40257263183594
2020-10-29 00:00:00-04:00,160.55050659179688,136.94332885742188,112.572021484375,12.98719310760498,197.3693389892578
2020-10-30 00:00:00-04:00,151.8074951171875,129.34666442871094,106.26596069335938,12.498578071594238,195.2001190185547
2020-11-02 00:00:00-05:00,150.2239990234375,133.50332641601562,106.17810821533203,12.545195579528809,195.06512451171875
2020-11-03 00:00:00-05:00,152.42050170898438,141.3000030517578,107.80831146240234,12.982706069946289,199.01792907714844
2020-11-04 00:00:00-05:00,162.05799865722656,140.32666015625,112.21086120605469,13.755265235900879,208.62025451660156
2020-11-05 00:00:00-05:00,166.10000610351562,146.02999877929688,116.19361114501953,14.11998176574707,215.2725372314453
2020-11-06 00:00:00-05:00,165.56849670410156,143.31666564941406,116.06161499023438,14.520845413208008,215.6871337890625
2020-11-09 00:00:00-05:00,157.18699645996094,140.4199981689453,113.74410247802734,13.59222412109375,210.54849243164062
2020-11-10 00:00:00-05:00,151.75100708007812,136.7866668701172,113.40186309814453,12.733909606933594,203.43348693847656
2020-11-11 00:00:00-05:00,156.8695068359375,139.0433349609375,116.84388732910156,13.380078315734863,208.77455139160156
2020-11-12 00:00:00-05:00,155.51400756835938,137.25332641601562,116.57009887695312,13.418720245361328,207.7044219970703
2020-11-13 00:00:00-05:00,156.4405059814453,136.1666717529297,116.61898803710938,13.259420394897461,208.73597717285156
2020-11-16 00:00:00-05:00,156.55299377441406,136.02999877929688,117.63595581054688,13.477055549621582,209.43016052246094
2020-11-17 00:00:00-05:00,156.7830047607422,147.20333862304688,116.7461166381836,13.384316444396973,206.75962829589844
2020-11-18 00:00:00-05:00,155.2729949951172,162.2133331298828,115.41622924804688,13.390799522399902,204.03375244140625
2020-11-19 00:00:00-05:00,155.8509979248047,166.42333984375,116.0127182006836,13.402265548706055,205.3290252685547
2020-11-20 00:00:00-05:00,154.97000122070312,163.20333862304688,114.74150085449219,13.050761222839355,203.36679077148438
2020-11-23 00:00:00-05:00,154.91949462890625,173.9499969482422,111.32880401611328,13.102864265441895,203.09613037109375
2020-11-24 00:00:00-05:00,155.9029998779297,185.1266632080078,112.61956787109375,12.92112922668457,206.72091674804688
2020-11-25 00:00:00-05:00,159.2534942626953,191.3333282470703,113.46049499511719,13.197346687316895,206.7306365966797
2020-11-27 00:00:00-05:00,159.76699829101562,195.25332641601562,114.00811004638672,13.223770141601562,208.0452117919922
2020-11-30 00:00:00-05:00,158.40199279785156,189.1999969482422,116.41364288330078,13.363624572753906,206.92393493652344
2020-12-01 00:00:00-05:00,161.00399780273438,194.9199981689453,120.00235748291016,13.352156639099121,208.99252319335938
2020-12-02 00:00:00-05:00,160.17649841308594,189.60667419433594,120.35438537597656,13.506220817565918,208.18052673339844
2020-12-03 00:00:00-05:00,159.3365020751953,197.7933349609375,120.21749114990234,13.362086296081543,207.0882568359375
2020-12-04 00:00:00-05:00,158.12899780273438,199.67999267578125,119.54277801513672,13.523927688598633,207.20423889160156
2020-12-07 00:00:00-05:00,157.89999389648438,213.9199981689453,121.00955963134766,13.572301864624023,207.1365966796875
2020-12-08 00:00:00-05:00,158.864501953125,216.6266632080078,121.6256103515625,13.316204071044922,208.79920959472656
2020-12-09 00:00:00-05:00,155.2100067138672,201.4933319091797,119.08316040039062,12.898014068603516,204.72970581054688
2020-12-10 00:00:00-05:00,155.07449340820312,209.02333068847656,120.51084899902344,12.939409255981445,203.4924774169922
2020-12-11 00:00:00-05:00,155.8209991455078,203.3300018310547,119.69922637939453,12.980304718017578,206.14096069335938
2020-12-14 00:00:00-05:00,157.84849548339844,213.27667236328125,119.08316040039062,13.27505874633789,207.0496063232422
2020-12-15 00:00:00-05:00,158.25599670410156,211.0833282470703,125.04808807373047,13.326677322387695,206.98193359375
2020-12-16 00:00:00-05:00,162.04800415039062,207.58999633789062,124.97965240478516,13.208976745605469,211.96002197265625
2020-12-17 00:00:00-05:00,161.8040008544922,218.63333129882812,125.84991455078125,13.307475090026855,212.0953369140625
2020-12-18 00:00:00-05:00,160.08250427246094,231.6666717529297,123.8551025390625,13.23840045928955,211.2930450439453
2020-12-21 00:00:00-05:00,160.3090057373047,216.6199951171875,125.39033508300781,13.29849910736084,215.1595001220703
2020-12-22 00:00:00-05:00,160.3260040283203,213.44667053222656,128.9595489501953,13.244635581970215,216.4644317626953
2020-12-23 00:00:00-05:00,159.2635040283203,215.32666015625,128.05987548828125,12.97631549835205,213.6419219970703
2020-12-24 00:00:00-05:00,158.63450622558594,220.58999633789062,129.04751586914062,12.960853576660156,215.31419372558594
2020-12-28 00:00:00-05:00,164.197998046875,221.22999572753906,133.66297912597656,12.867342948913574,217.45040893554688
2020-12-29 00:00:00-05:00,166.10000610351562,221.99667358398438,131.88330078125,12.910482406616211,216.6674041748047
2020-12-30 00:00:00-05:00,164.29249572753906,231.5933380126953,130.75875854492188,13.112470626831055,214.27989196777344
2020-12-31 00:00:00-05:00,162.84649658203125,235.22332763671875,129.75155639648438,13.021950721740723,214.99517822265625
2021-01-04 00:00:00-05:00,159.3314971923828,243.2566680908203,126.54420471191406,13.080303192138672,210.42311096191406
2021-01-05 00:00:00-05:00,160.92550659179688,245.0366668701172,128.1088104248047,13.37081527709961,210.62606811523438
2021-01-06 00:00:00-05:00,156.91900634765625,251.9933319091797,123.79643249511719,12.582564353942871,205.16468811035156
2021-01-07 00:00:00-05:00,158.10800170898438,272.0133361816406,128.02078247070312,13.310222625732422,211.00303649902344
2021-01-08 00:00:00-05:00,159.13499450683594,293.3399963378906,129.125732421875,13.243141174316406,212.28866577148438
2021-01-11 00:00:00-05:00,155.7104949951172,270.39666748046875,126.12373352050781,13.587014198303223,210.22976684570312
2021-01-12 00:00:00-05:00,156.04150390625,283.14666748046875,125.9477310180664,13.450613975524902,207.75521850585938
2021-01-13 00:00:00-05:00,158.29449462890625,284.8033447265625,127.99143981933594,13.497492790222168,209.11814880371094
2021-01-14 00:00:00-05:00,156.37350463867188,281.6666564941406,126.05529022216797,13.166831970214844,205.90896606445312
2021-01-15 00:00:00-05:00,155.21249389648438,275.38665771484375,124.3244857788086,12.826944351196289,205.55130004882812
2021-01-19 00:00:00-05:00,156.03799438476562,281.51666259765625,124.99919128417969,12.992274284362793,209.2147979736328
2021-01-20 00:00:00-05:00,163.16900634765625,283.48333740234375,129.106201171875,13.331915855407715,216.85108947753906
2021-01-21 00:00:00-05:00,165.34950256347656,281.663330078125,133.83900451660156,13.832392692565918,217.46005249023438
2021-01-22 00:00:00-05:00,164.6114959716797,282.21331787109375,135.9902801513672,13.677786827087402,218.4073486328125
2021-01-25 00:00:00-05:00,164.6999969482422,293.6000061035156,139.7550506591797,13.618684768676758,221.8678436279297
2021-01-26 00:00:00-05:00,166.30650329589844,294.36334228515625,139.98974609375,13.401237487792969,224.57440185546875
2021-01-27 00:00:00-05:00,161.62899780273438,288.0533447265625,138.91404724121094,12.885047912597656,225.12535095214844
2021-01-28 00:00:00-05:00,161.88099670410156,278.4766540527344,134.05413818359375,13.017960548400879,230.9540557861328
2021-01-29 00:00:00-05:00,160.30999755859375,264.510009765625,129.03773498535156,12.956866264343262,224.21676635742188
2021-02-01 00:00:00-05:00,167.1439971923828,279.9366760253906,131.1694793701172,13.203489303588867,231.6500244140625
2021-02-02 00:00:00-05:00,169.0,290.92999267578125,132.0006561279297,13.522430419921875,231.51470947265625
2021-02-03 00:00:00-05:00,165.62649536132812,284.89666748046875,130.97390747070312,13.496247291564941,234.88821411132812
2021-02-04 00:00:00-05:00,166.5500030517578,283.3299865722656,134.34751892089844,13.629658699035645,233.9312286376953
2021-02-05 00:00:00-05:00,167.6074981689453,284.07666015625,133.9312744140625,13.556593894958496,234.11492919921875
2021-02-08 00:00:00-05:00,166.14700317382812,287.8066711425781,134.0782012939453,14.40219783782959,234.3758544921875
2021-02-09 00:00:00-05:00,165.25,283.1533203125,133.19680786132812,14.227142333984375,235.6324920654297
2021-02-10 00:00:00-05:00,164.32899475097656,268.2733459472656,132.58961486816406,14.726874351501465,234.71420288085938
2021-02-11 00:00:00-05:00,163.10650634765625,270.5533447265625,132.3350067138672,15.212140083312988,236.3284454345703
2021-02-12 00:00:00-05:00,163.885498046875,272.0400085449219,132.57000732421875,14.923375129699707,236.811767578125
2021-02-16 00:00:00-05:00,163.44749450683594,265.40667724609375,130.4351348876953,15.291440963745117,235.56483459472656
2021-02-17 00:00:00-05:00,165.4320068359375,266.04998779296875,128.1337432861328,14.868264198303223,236.591796875
2021-02-18 00:00:00-05:00,166.4114990234375,262.4599914550781,127.02710723876953,14.791460990905762,236.19454956054688
2021-02-19 00:00:00-05:00,162.4949951171875,260.4333190917969,127.18379974365234,14.888713836669922,233.46243286132812
2021-02-22 00:00:00-05:00,159.03700256347656,238.1666717529297,123.39385223388672,14.31940746307373,227.20372009277344
2021-02-23 00:00:00-05:00,159.72500610351562,232.94667053222656,123.25674438476562,14.106196403503418,226.0023651123047
2021-02-24 00:00:00-05:00,157.97650146484375,247.33999633789062,122.75728607177734,14.462294578552246,227.24244689941406
2021-02-25 00:00:00-05:00,152.85800170898438,227.4066619873047,118.48746490478516,13.273810386657715,221.85569763183594
2021-02-26 00:00:00-05:00,154.64649963378906,225.1666717529297,118.75188446044922,13.679781913757324,225.1400604248047
2021-03-01 00:00:00-05:00,157.3070068359375,239.47666931152344,125.1468276977539,13.806708335876465,229.55801391601562
2021-03-02 00:00:00-05:00,154.72650146484375,228.81333923339844,122.53206634521484,13.37231159210205,226.58364868164062
2021-03-03 00:00:00-05:00,150.25,217.73333740234375,119.53533172607422,12.772334098815918,220.47024536132812
2021-03-04 00:00:00-05:00,148.8784942626953,207.14666748046875,117.64524841308594,12.338932037353516,219.6660919189453
2021-03-05 00:00:00-05:00,150.0229949951172,199.31666564941406,118.90856170654297,12.429953575134277,224.38433837890625
2021-03-08 00:00:00-05:00,147.59750366210938,187.6666717529297,113.9532241821289,11.563902854919434,220.3055419921875
2021-03-09 00:00:00-05:00,153.1425018310547,224.52667236328125,118.58538818359375,12.492864608764648,226.49642944335938
2021-03-10 00:00:00-05:00,152.8820037841797,222.68666076660156,117.49835968017578,12.440978050231934,225.1787872314453
2021-03-11 00:00:00-05:00,155.67950439453125,233.1999969482422,119.43740844726562,12.965078353881836,229.74205017089844
2021-03-12 00:00:00-05:00,154.47450256347656,231.2433319091797,118.52665710449219,12.827880859375,228.40505981445312
2021-03-15 00:00:00-04:00,154.08399963378906,235.97999572753906,121.42540740966797,13.162398338317871,227.4943389892578
2021-03-16 00:00:00-04:00,154.59300231933594,225.6266632080078,122.97274780273438,13.26218032836914,230.30398559570312
2021-03-17 00:00:00-04:00,156.7864990234375,233.93666076660156,122.17949676513672,13.312067985534668,229.65487670898438
2021-03-18 00:00:00-04:00,151.39950561523438,217.72000122070312,118.03700256347656,12.694672584533691,223.53176879882812
2021-03-19 00:00:00-04:00,153.7480010986328,218.2899932861328,117.50814056396484,12.81765365600586,223.17333984375
2021-03-22 00:00:00-04:00,155.5435028076172,223.3333282470703,120.83782958984375,13.157408714294434,228.63760375976562
2021-03-23 00:00:00-04:00,156.875,220.72000122070312,120.00541687011719,13.04216194152832,230.1780242919922
2021-03-24 00:00:00-04:00,154.35350036621094,210.08999633789062,117.6060791015625,12.615345001220703,228.1240997314453
2021-03-25 00:00:00-04:00,152.31300354003906,213.4633331298828,118.09574890136719,12.507832527160645,225.10130310058594
2021-03-26 00:00:00-04:00,152.60150146484375,206.23666381835938,118.70291137695312,12.81116771697998,229.1123046875
2021-03-29 00:00:00-04:00,153.7864990234375,203.76333618164062,118.87920379638672,12.919927597045898,227.9109344482422
2021-03-30 00:00:00-04:00,152.76449584960938,211.8733367919922,117.42000579833984,12.843596458435059,224.62657165527344
2021-03-31 00:00:00-04:00,154.70399475097656,222.64332580566406,119.62348175048828,13.31905460357666,228.4244384765625
2021-04-01 00:00:00-04:00,158.0500030517578,220.5833282470703,120.45590209960938,13.78154182434082,234.79945373535156
2021-04-05 00:00:00-04:00,161.3365020751953,230.35000610351562,123.2959213256836,13.95690631866455,241.31005859375
2021-04-06 00:00:00-04:00,161.1909942626953,230.5399932861328,123.5995101928711,13.831180572509766,240.1377716064453
2021-04-07 00:00:00-04:00,163.96949768066406,223.6566619873047,125.25455474853516,14.112564086914062,242.1142120361328
2021-04-08 00:00:00-04:00,164.96499633789062,227.93333435058594,127.66365051269531,14.285685539245605,245.35983276367188
2021-04-09 00:00:00-04:00,168.61000061035156,225.67333984375,130.24908447265625,14.36850357055664,247.8788299560547
2021-04-12 00:00:00-04:00,168.96949768066406,233.9933319091797,128.5254669189453,15.17573356628418,247.9369659423828
2021-04-13 00:00:00-04:00,170.0,254.10667419433594,131.6494903564453,15.6452054977417,250.43658447265625
2021-04-14 00:00:00-04:00,166.64999389648438,244.07666015625,129.29913330078125,15.243586540222168,247.62693786621094
2021-04-15 00:00:00-04:00,168.95449829101562,246.28334045410156,131.718017578125,16.101953506469727,251.41510009765625
2021-04-16 00:00:00-04:00,169.9720001220703,246.5933380126953,131.3850555419922,15.877694129943848,252.616455078125
2021-04-19 00:00:00-04:00,168.60049438476562,238.2100067138672,132.05101013183594,15.328147888183594,250.6787872314453
2021-04-20 00:00:00-04:00,166.7344970703125,239.663330078125,130.35678100585938,15.138068199157715,250.21376037597656
2021-04-21 00:00:00-04:00,168.1009979248047,248.0399932861328,130.73870849609375,15.326903343200684,252.46145629882812
2021-04-22 00:00:00-04:00,165.45199584960938,239.89666748046875,129.21096801757812,14.817769050598145,249.15769958496094
2021-04-23 00:00:00-04:00,167.04400634765625,243.13333129882812,131.54176330566406,15.231863021850586,253.01370239257812
2021-04-26 00:00:00-04:00,170.4499969482422,246.06666564941406,131.9334716796875,15.444145202636719,253.40130615234375
2021-04-27 00:00:00-04:00,170.8715057373047,234.913330078125,131.6103057861328,15.348108291625977,253.8082275390625
2021-04-28 00:00:00-04:00,172.9250030517578,231.46665954589844,130.81704711914062,15.243335723876953,246.6290283203125
2021-04-29 00:00:00-04:00,173.5655059814453,225.6666717529297,130.7191162109375,15.291230201721191,244.64288330078125
2021-04-30 00:00:00-04:00,173.37100219726562,236.47999572753906,128.7409210205078,14.976669311523438,244.32318115234375
2021-05-03 00:00:00-04:00,169.32449340820312,228.3000030517578,129.79856872558594,14.804299354553223,244.01315307617188
2021-05-04 00:00:00-04:00,165.593505859375,224.53334045410156,125.20558166503906,14.319860458374023,240.06993103027344
2021-05-05 00:00:00-04:00,163.52699279785156,223.64666748046875,125.4504165649414,14.426876068115234,238.79107666015625
2021-05-06 00:00:00-04:00,165.31849670410156,221.17999267578125,127.05650329589844,14.491233825683594,241.94952392578125
2021-05-07 00:00:00-04:00,164.58050537109375,224.1233367919922,127.73338317871094,14.779851913452148,244.594482421875
2021-05-10 00:00:00-04:00,159.52450561523438,209.67999267578125,124.437255859375,14.23454761505127,239.4789276123047
2021-05-11 00:00:00-04:00,161.19549560546875,205.73333740234375,123.51514434814453,14.274957656860352,238.55853271484375
2021-05-12 00:00:00-04:00,157.5970001220703,196.6300048828125,120.43486785888672,13.728405952453613,231.55381774902344
2021-05-13 00:00:00-04:00,158.07350158691406,190.56333923339844,122.59303283691406,13.635359764099121,235.45822143554688
2021-05-14 00:00:00-04:00,161.14500427246094,196.5800018310547,125.0258560180664,14.211848258972168,240.41871643066406
2021-05-17 00:00:00-04:00,163.51950073242188,192.27667236328125,123.8683090209961,14.134517669677734,237.541259765625
2021-05-18 00:00:00-04:00,161.61399841308594,192.6233367919922,122.47530364990234,13.985092163085938,235.50668334960938
2021-05-19 00:00:00-04:00,161.58999633789062,187.82000732421875,122.31836700439453,14.03498649597168,236.08935546875
2021-05-20 00:00:00-04:00,162.38400268554688,195.5933380126953,124.88851928710938,14.58053970336914,239.35215759277344
2021-05-21 00:00:00-04:00,160.1540069580078,193.6266632080078,123.04426574707031,14.958958625793457,238.0800323486328
2021-05-24 00:00:00-04:00,162.24949645996094,202.14666748046875,124.68251037597656,15.577853202819824,243.52781677246094
2021-05-25 00:00:00-04:00,162.95249938964844,201.56333923339844,124.48631286621094,15.613525390625,244.4406280517578
2021-05-26 00:00:00-04:00,163.25799560546875,206.3766632080078,124.437255859375,15.665658950805664,244.2173309326172
2021-05-27 00:00:00-04:00,161.5054931640625,210.28334045410156,122.89713287353516,15.454121589660645,242.100341796875
2021-05-28 00:00:00-04:00,161.15350341796875,208.4066619873047,122.23987579345703,16.208969116210938,242.4596405029297
2021-06-01 00:00:00-04:00,160.9324951171875,207.96665954589844,121.91613006591797,16.228923797607422,240.24557495117188
2021-06-02 00:00:00-04:00,161.69949340820312,201.7066650390625,122.68131256103516,16.74155044555664,240.14845275878906
2021-06-03 00:00:00-04:00,159.35049438476562,190.94667053222656,121.19022369384766,16.93263053894043,238.6044464111328
2021-06-04 00:00:00-04:00,160.31100463867188,199.68333435058594,123.49553680419922,17.53980255126953,243.5375213623047
2021-06-07 00:00:00-04:00,159.90049743652344,201.7100067138672,123.50532531738281,17.580459594726562,246.47021484375
2021-06-08 00:00:00-04:00,163.20550537109375,201.19667053222656,124.32937622070312,17.4188175201416,245.26608276367188
2021-06-09 00:00:00-04:00,164.0574951171875,199.5933380126953,124.71192932128906,17.324249267578125,246.2565460205078
2021-06-10 00:00:00-04:00,167.4824981689453,203.3733367919922,123.71133422851562,17.390869140625,249.80099487304688
2021-06-11 00:00:00-04:00,167.3415069580078,203.29666137695312,124.92774200439453,17.790340423583984,250.43223571777344
2021-06-14 00:00:00-04:00,169.19349670410156,205.89666748046875,127.99821472167969,17.983457565307617,252.3743896484375
2021-06-15 00:00:00-04:00,169.156494140625,199.7866668701172,127.1741943359375,17.753660202026367,250.88861083984375
2021-06-16 00:00:00-04:00,170.7624969482422,201.6233367919922,127.67449951171875,17.77536392211914,249.9369354248047
2021-06-17 00:00:00-04:00,174.46200561523438,205.53334045410156,129.28330993652344,18.62070655822754,253.35516357421875
2021-06-18 00:00:00-04:00,174.34500122070312,207.77000427246094,127.97860717773438,18.602243423461914,251.9276580810547
2021-06-21 00:00:00-04:00,172.697998046875,206.94332885742188,129.7836151123047,18.391155242919922,255.03521728515625
2021-06-22 00:00:00-04:00,175.27200317382812,207.90333557128906,131.43167114257812,18.849760055541992,257.8318786621094
2021-06-23 00:00:00-04:00,175.1909942626953,218.85667419433594,131.156982421875,19.019922256469727,257.5987854003906
2021-06-24 00:00:00-04:00,172.45399475097656,226.60667419433594,130.87249755859375,19.167882919311523,258.97772216796875
2021-06-25 00:00:00-04:00,170.072998046875,223.9566650390625,130.57823181152344,18.993722915649414,257.35601806640625
2021-06-28 00:00:00-04:00,172.1945037841797,229.57333374023438,132.2164764404297,19.94586181640625,260.94903564453125
2021-06-29 00:00:00-04:00,172.40699768066406,226.9199981689453,133.73695373535156,19.987529754638672,263.55157470703125
2021-06-30 00:00:00-04:00,172.00799560546875,226.56666564941406,134.35499572753906,19.963319778442383,263.0660095214844
2021-07-01 00:00:00-04:00,171.64849853515625,225.97332763671875,134.65911865234375,20.17241096496582,263.7458190917969
2021-07-02 00:00:00-04:00,175.5489959716797,226.3000030517578,137.2979278564453,20.446874618530273,269.6207580566406
2021-07-06 00:00:00-04:00,183.78700256347656,219.86000061035156,139.31875610351562,20.657957077026367,269.6305847167969
2021-07-07 00:00:00-04:00,184.82899475097656,214.88333129882812,141.82025146484375,20.33184814453125,271.8348388671875
2021-07-08 00:00:00-04:00,186.57049560546875,217.60333251953125,140.51553344726562,19.86376953125,269.3974304199219
2021-07-09 00:00:00-04:00,185.9669952392578,218.98333740234375,142.3499755859375,20.01097869873047,269.9023742675781
2021-07-12 00:00:00-04:00,185.92750549316406,228.56666564941406,141.7515411376953,20.472326278686523,269.30035400390625
2021-07-13 00:00:00-04:00,183.8679962158203,222.84666442871094,142.869873046875,20.210336685180664,272.8545227050781
2021-07-14 00:00:00-04:00,184.08399963378906,217.7933349609375,146.31312561035156,19.802635192871094,274.3403015136719
2021-07-15 00:00:00-04:00,181.55999755859375,216.86666870117188,145.65586853027344,18.92909812927246,272.9030456542969
2021-07-16 00:00:00-04:00,178.68150329589844,214.74000549316406,143.60560607910156,18.125429153442383,272.63116455078125
2021-07-19 00:00:00-04:00,177.47950744628906,215.4066619873047,139.7405548095703,18.74296760559082,268.9993591308594
2021-07-20 00:00:00-04:00,178.6595001220703,220.1666717529297,143.3701629638672,18.57554817199707,271.2424621582031
2021-07-21 00:00:00-04:00,179.25999450683594,218.42999267578125,142.63446044921875,19.37198257446289,273.2623291015625
2021-07-22 00:00:00-04:00,181.90150451660156,216.4199981689453,144.00782775878906,19.555622100830078,277.86529541015625
2021-07-23 00:00:00-04:00,182.83200073242188,214.4600067138672,145.7342987060547,19.519697189331055,281.2932434082031
2021-07-26 00:00:00-04:00,184.99099731445312,219.2066650390625,146.15615844726562,19.256210327148438,280.69110107421875
2021-07-27 00:00:00-04:00,181.3195037841797,214.92666625976562,143.97840881347656,19.170381546020508,278.2536926269531
2021-07-28 00:00:00-04:00,181.51600646972656,215.66000366210938,142.22242736816406,19.464801788330078,277.94293212890625
2021-07-29 00:00:00-04:00,179.99600219726562,225.78334045410156,142.869873046875,19.62348747253418,278.2148132324219
2021-07-30 00:00:00-04:00,166.37950134277344,229.06666564941406,143.085693359375,19.460811614990234,276.6707763671875
2021-08-02 00:00:00-04:00,166.57400512695312,236.55667114257812,142.75216674804688,19.711318969726562,276.58343505859375
2021-08-03 00:00:00-04:00,168.31199645996094,236.5800018310547,144.55715942382812,19.77618980407715,278.81695556640625
2021-08-04 00:00:00-04:00,167.73599243164062,236.97332763671875,144.1549530029297,20.23429298400879,278.224609375
2021-08-05 00:00:00-04:00,168.79949951171875,238.2100067138672,144.2628631591797,20.596580505371094,281.1474914550781
2021-08-06 00:00:00-04:00,167.2469940185547,233.03334045410156,143.5751495361328,20.326114654541016,281.0892639160156
2021-08-09 00:00:00-04:00,167.093505859375,237.9199981689453,143.5260009765625,20.2552490234375,279.99188232421875
2021-08-10 00:00:00-04:00,166.03399658203125,236.663330078125,143.0446319580078,19.896953582763672,278.1565856933594
2021-08-11 00:00:00-04:00,164.60549926757812,235.94000244140625,143.30007934570312,19.660415649414062,278.65185546875
2021-08-12 00:00:00-04:00,165.1750030517578,240.75,146.27688598632812,19.866012573242188,281.4291076660156
2021-08-13 00:00:00-04:00,164.69850158691406,239.05667114257812,146.48316955566406,20.148456573486328,284.3812255859375
2021-08-16 00:00:00-04:00,164.94949340820312,228.72332763671875,148.46775817871094,19.910926818847656,286.0806579589844
2021-08-17 00:00:00-04:00,162.09800720214844,221.90333557128906,147.55406188964844,19.419891357421875,284.60455322265625
2021-08-18 00:00:00-04:00,160.06100463867188,229.663330078125,143.79129028320312,19.002710342407227,282.8630065917969
2021-08-19 00:00:00-04:00,159.3874969482422,224.49000549316406,144.1253204345703,19.75922203063965,288.73956298828125
2021-08-20 00:00:00-04:00,159.99749755859375,226.75332641601562,145.58917236328125,20.77522850036621,296.12420654296875
2021-08-23 00:00:00-04:00,163.2935028076172,235.43333435058594,147.08250427246094,21.91499137878418,296.4063415527344
2021-08-24 00:00:00-04:00,165.28900146484375,236.163330078125,146.9940643310547,21.750314712524414,294.4312438964844
2021-08-25 00:00:00-04:00,164.95899963378906,237.06666564941406,145.75619506835938,22.169492721557617,293.83770751953125
2021-08-26 00:00:00-04:00,165.8000030517578,233.72000122070312,144.95057678222656,22.0247802734375,290.996826171875
2021-08-27 00:00:00-04:00,167.48150634765625,237.30667114257812,145.99203491210938,22.591665267944336,291.6097106933594
2021-08-30 00:00:00-04:00,171.07850646972656,243.6366729736328,150.43264770507812,22.6435604095459,295.37506103515625
2021-08-31 00:00:00-04:00,173.5395050048828,245.24000549316406,149.165283203125,22.345096588134766,293.7113037109375
2021-09-01 00:00:00-04:00,173.9499969482422,244.69667053222656,149.83335876464844,22.400999069213867,293.6626892089844
2021-09-02 00:00:00-04:00,173.156005859375,244.1300048828125,150.953369140625,22.3560791015625,293.0010681152344
2021-09-03 00:00:00-04:00,173.90249633789062,244.52333068847656,151.59193420410156,22.80228042602539,292.99127197265625
2021-09-07 00:00:00-04:00,175.46449279785156,250.97332763671875,153.94000244140625,22.621606826782227,292.0572814941406
2021-09-08 00:00:00-04:00,176.27499389648438,251.2899932861328,152.3877410888672,22.299179077148438,292.08648681640625
2021-09-09 00:00:00-04:00,174.20799255371094,251.6199951171875,151.36598205566406,22.137468338012695,289.20660400390625
2021-09-10 00:00:00-04:00,173.45750427246094,245.42333984375,146.35548400878906,22.43793296813965,287.7082214355469
2021-09-13 00:00:00-04:00,172.85850524902344,247.6666717529297,146.92530822753906,22.11250877380371,288.95355224609375
2021-09-14 00:00:00-04:00,172.5,248.163330078125,145.52041625976562,22.202348709106445,291.6778564453125
2021-09-15 00:00:00-04:00,173.7895050048828,251.94332885742188,146.41444396972656,22.30117416381836,296.5716857910156
2021-09-16 00:00:00-04:00,174.41200256347656,252.3300018310547,146.17864990234375,22.202348709106445,296.9609680175781
2021-09-17 00:00:00-04:00,173.12600708007812,253.163330078125,143.49658203125,21.860960006713867,291.75567626953125
2021-09-20 00:00:00-04:00,167.7864990234375,243.38999938964844,140.43130493164062,21.07536506652832,286.3364562988281
2021-09-21 00:00:00-04:00,167.18150329589844,246.4600067138672,140.91273498535156,21.208126068115234,286.8229064941406
2021-09-22 00:00:00-04:00,169.00250244140625,250.64666748046875,143.2902374267578,21.901891708374023,290.5005798339844
2021-09-23 00:00:00-04:00,170.8000030517578,251.2133331298828,144.25306701660156,22.441925048828125,291.4540710449219
2021-09-24 00:00:00-04:00,171.2760009765625,258.1300048828125,144.3414764404297,22.041637420654297,291.24981689453125
2021-09-27 00:00:00-04:00,170.2899932861328,263.78668212890625,142.8186798095703,21.621387481689453,286.2099304199219
2021-09-28 00:00:00-04:00,165.79800415039062,259.1866760253906,139.41940307617188,20.662099838256836,275.84808349609375
2021-09-29 00:00:00-04:00,165.05599975585938,260.4366760253906,140.3232421875,20.480424880981445,276.3151550292969
2021-09-30 00:00:00-04:00,164.2519989013672,258.49334716796875,139.01661682128906,20.6790714263916,274.2913513183594
2021-10-01 00:00:00-04:00,164.16299438476562,258.40667724609375,140.1464080810547,20.705026626586914,281.27716064453125
2021-10-04 00:00:00-04:00,159.48899841308594,260.510009765625,136.69802856445312,19.696823120117188,275.44915771484375
2021-10-05 00:00:00-04:00,161.0500030517578,260.1966552734375,138.63343811035156,20.4145450592041,280.9463195800781
2021-10-06 00:00:00-04:00,163.10049438476562,260.9166564941406,139.5078125,20.663101196289062,285.1786193847656
2021-10-07 00:00:00-04:00,165.1215057373047,264.53668212890625,140.77517700195312,21.037433624267578,286.87158203125
2021-10-08 00:00:00-04:00,164.43099975585938,261.8299865722656,140.3920135498047,20.793865203857422,286.87158203125
2021-10-11 00:00:00-04:00,162.31500244140625,263.9800109863281,140.30360412597656,20.658111572265625,286.26837158203125
2021-10-12 00:00:00-04:00,162.3665008544922,268.5733337402344,139.02642822265625,20.634151458740234,284.9548645019531
2021-10-13 00:00:00-04:00,164.21400451660156,270.3599853515625,138.4369659423828,20.901674270629883,288.2919921875
2021-10-14 00:00:00-04:00,164.9929962158203,272.7733459472656,141.2368927001953,21.70723533630371,294.5577392578125
2021-10-15 00:00:00-04:00,170.4510040283203,281.010009765625,142.29795837402344,21.823028564453125,295.9782409667969
2021-10-18 00:00:00-04:00,172.33700561523438,290.03668212890625,143.9779815673828,22.182388305664062,298.9749450683594
2021-10-19 00:00:00-04:00,172.20750427246094,288.0899963378906,146.149169921875,22.25026512145996,299.8895263671875
2021-10-20 00:00:00-04:00,170.7530059814453,288.6000061035156,146.64041137695312,22.063602447509766,299.0917053222656
2021-10-21 00:00:00-04:00,171.75050354003906,298.0,146.85653686523438,22.651548385620117,302.3510437011719
2021-10-22 00:00:00-04:00,166.77749633789062,303.2266540527344,146.08038330078125,22.68549346923828,300.7943115234375
2021-10-25 00:00:00-04:00,166.01849365234375,341.6199951171875,146.03128051757812,23.124706268310547,299.7922058105469
2021-10-26 00:00:00-04:00,168.80349731445312,339.4766540527344,146.69935607910156,24.672941207885742,301.71856689453125
2021-10-27 00:00:00-04:00,169.62449645996094,345.9533386230469,146.2376251220703,24.407411575317383,314.4251708984375
2021-10-28 00:00:00-04:00,172.32850646972656,359.0133361816406,149.89230346679688,24.89653968811035,315.57330322265625
2021-10-29 00:00:00-04:00,168.6215057373047,371.3333435058594,147.17091369628906,25.521421432495117,322.6465148925781
2021-11-01 00:00:00-04:00,165.90550231933594,402.86334228515625,146.34568786621094,25.780960083007812,320.45745849609375
2021-11-02 00:00:00-04:00,165.6374969482422,390.6666564941406,147.3870849609375,26.35393524169922,324.1156921386719
2021-11-03 00:00:00-04:00,169.1999969482422,404.6199951171875,148.8312530517578,26.55058479309082,324.962158203125
2021-11-04 00:00:00-04:00,173.85000610351562,409.9700012207031,148.31056213378906,29.747879028320312,327.3360900878906
2021-11-05 00:00:00-04:00,175.94949340820312,407.36334228515625,148.8418731689453,29.69896697998047,326.96636962890625
2021-11-08 00:00:00-05:00,174.44900512695312,387.64666748046875,148.01544189453125,30.749094009399414,327.8712463378906
2021-11-09 00:00:00-05:00,178.81149291992188,341.1666564941406,148.37942504882812,30.602352142333984,326.8594055175781
2021-11-10 00:00:00-05:00,174.1024932861328,355.98333740234375,145.53599548339844,29.406490325927734,321.8487548828125
2021-11-11 00:00:00-05:00,173.625,354.5033264160156,145.48678588867188,30.335824966430664,323.4346008300781
2021-11-12 00:00:00-05:00,176.25750732421875,344.47332763671875,147.57261657714844,30.335824966430664,327.6085510253906
2021-11-15 00:00:00-05:00,177.28399658203125,337.7966613769531,147.58248901367188,29.971477508544922,326.97613525390625
2021-11-16 00:00:00-05:00,177.03500366210938,351.57666015625,148.56637573242188,30.149158477783203,330.3230285644531
2021-11-17 00:00:00-05:00,177.4499969482422,363.0033264160156,151.01625061035156,29.208839416503906,330.5472717285156
2021-11-18 00:00:00-05:00,184.80299377441406,365.4599914550781,155.32568359375,31.6185359954834,332.6428527832031
2021-11-19 00:00:00-05:00,183.82850646972656,379.0199890136719,157.96246337890625,32.92619705200195,334.4363098144531
2021-11-22 00:00:00-05:00,178.6284942626953,385.6233215332031,158.42491149902344,31.89903450012207,331.2392578125
2021-11-23 00:00:00-05:00,179.0019989013672,369.6766662597656,158.80862426757812,31.689409255981445,329.1436462402344
2021-11-24 00:00:00-05:00,179.02049255371094,372.0,159.33006286621094,32.615753173828125,329.3677673339844
2021-11-26 00:00:00-05:00,175.22799682617188,360.6400146484375,154.28273010253906,31.44684410095215,321.3458557128906
2021-11-29 00:00:00-05:00,178.07850646972656,378.9966735839844,157.65744018554688,33.316505432128906,328.12017822265625
2021-11-30 00:00:00-05:00,175.35350036621094,381.586669921875,162.63592529296875,32.61774826049805,322.2328186035156
2021-12-01 00:00:00-05:00,172.18600463867188,365.0,162.11444091796875,31.382808685302734,321.7358093261719
2021-12-02 00:00:00-05:00,171.8679962158203,361.5333251953125,161.1207275390625,32.072654724121094,321.16070556640625
2021-12-03 00:00:00-05:00,169.489501953125,338.3233337402344,159.23167419433594,30.642040252685547,314.84454345703125
2021-12-06 00:00:00-05:00,171.36849975585938,336.336669921875,162.65560913085938,29.98712921142578,317.944091796875
2021-12-07 00:00:00-05:00,176.1645050048828,350.5833435058594,168.42112731933594,32.37316131591797,326.45343017578125
2021-12-08 00:00:00-05:00,176.1580047607422,356.32000732421875,172.25827026367188,31.773157119750977,326.50213623046875
2021-12-09 00:00:00-05:00,174.17100524902344,334.6000061035156,171.7466583251953,30.439373016357422,324.679443359375
2021-12-10 00:00:00-05:00,172.21200561523438,339.010009765625,176.557861328125,30.14786148071289,333.88079833984375
2021-12-13 00:00:00-05:00,169.5675048828125,322.13665771484375,172.9076690673828,28.114242553710938,330.82012939453125
2021-12-14 00:00:00-05:00,169.0915069580078,319.5033264160156,171.5203857421875,28.28995132446289,320.0397644042969
2021-12-15 00:00:00-05:00,173.31500244140625,325.3299865722656,176.4102783203125,30.408424377441406,326.1902770996094
2021-12-16 00:00:00-05:00,168.87100219726562,308.97332763671875,169.48374938964844,28.339862823486328,316.6866760253906
2021-12-17 00:00:00-05:00,170.0175018310547,310.8566589355469,168.38177490234375,27.754837036132812,315.614501953125
2021-12-20 00:00:00-05:00,167.07899475097656,299.9800109863281,167.01419067382812,27.672977447509766,311.8229064941406
2021-12-21 00:00:00-05:00,170.41700744628906,312.84332275390625,170.2019500732422,29.026723861694336,319.0163269042969
2021-12-22 00:00:00-05:00,171.03700256347656,336.2900085449219,172.80929565429688,29.351184844970703,324.77691650390625
2021-12-23 00:00:00-05:00,171.06849670410156,355.6666564941406,173.43893432617188,29.590789794921875,326.229248046875
2021-12-27 00:00:00-05:00,169.66949462890625,364.64666748046875,177.4236602783203,30.893619537353516,333.7930603027344
2021-12-28 00:00:00-05:00,170.66099548339844,362.8233337402344,176.40042114257812,30.271656036376953,332.6234436035156
2021-12-29 00:00:00-05:00,169.2010040283203,362.0633239746094,176.48898315429688,29.951187133789062,333.3056945800781
2021-12-30 00:00:00-05:00,168.64450073242188,356.7799987792969,175.32798767089844,29.53687286376953,330.7422180175781
2021-12-31 00:00:00-05:00,166.7169952392578,352.260009765625,174.7081756591797,29.362167358398438,327.8180847167969
2022-01-03 00:00:00-05:00,170.4044952392578,399.9266662597656,179.0765838623047,30.070987701416016,326.2877502441406
2022-01-04 00:00:00-05:00,167.52200317382812,383.1966552734375,176.80381774902344,29.241369247436523,320.69281005859375
2022-01-05 00:00:00-05:00,164.35699462890625,362.7066650390625,172.10081481933594,27.558170318603516,308.382080078125
2022-01-06 00:00:00-05:00,163.25399780273438,354.8999938964844,169.22792053222656,28.131216049194336,305.94525146484375
2022-01-07 00:00:00-05:00,162.5540008544922,342.32000732421875,169.39517211914062,27.201759338378906,306.10125732421875
2022-01-10 00:00:00-05:00,161.48599243164062,352.7066650390625,169.41488647460938,27.35450553894043,306.325439453125
2022-01-11 00:00:00-05:00,165.36199951171875,354.79998779296875,172.25827026367188,27.770811080932617,307.0174865722656
2022-01-12 00:00:00-05:00,165.20700073242188,368.739990234375,172.7010040283203,27.952510833740234,310.22430419921875
2022-01-13 00:00:00-05:00,161.21400451660156,343.85333251953125,169.41488647460938,26.5308780670166,297.09478759765625
2022-01-14 00:00:00-05:00,162.13800048828125,349.8699951171875,170.28067016601562,26.897266387939453,302.3583068847656
2022-01-18 00:00:00-05:00,158.91749572753906,343.5033264160156,167.06336975097656,25.8599910736084,294.99920654296875
2022-01-19 00:00:00-05:00,156.2989959716797,331.8833312988281,163.55088806152344,25.02537727355957,295.6619567871094
2022-01-20 00:00:00-05:00,151.66749572753906,332.0899963378906,161.858642578125,24.10990333557129,293.9757385253906
2022-01-21 00:00:00-05:00,142.64300537109375,314.6333312988281,159.79251098632812,23.335193634033203,288.5465087890625
2022-01-24 00:00:00-05:00,144.54400634765625,310.0,159.0152130126953,23.333192825317383,288.8779602050781
2022-01-25 00:00:00-05:00,139.98599243164062,306.1333312988281,157.2048797607422,22.28693199157715,281.19708251953125
2022-01-26 00:00:00-05:00,138.87249755859375,312.4700012207031,157.11630249023438,22.73419189453125,289.20928955078125
2022-01-27 00:00:00-05:00,139.6374969482422,276.3666687011719,156.65390014648438,21.907564163208008,292.26019287109375
2022-01-28 00:00:00-05:00,143.97799682617188,282.1166687011719,167.58485412597656,22.802082061767578,300.4673767089844
2022-01-31 00:00:00-05:00,149.57350158691406,312.239990234375,171.96311950683594,24.44534683227539,303.1186828613281
2022-02-01 00:00:00-05:00,151.19349670410156,310.4166564941406,171.79583740234375,24.59709358215332,300.95477294921875
2022-02-02 00:00:00-05:00,150.6125030517578,301.88665771484375,173.0060577392578,25.200088500976562,305.53594970703125
2022-02-03 00:00:00-05:00,138.8455047607422,297.0466613769531,170.1134033203125,23.90823745727539,293.6345520019531
2022-02-04 00:00:00-05:00,157.63949584960938,307.7733459472656,169.8277587890625,24.278621673583984,298.20599365234375
2022-02-07 00:00:00-05:00,157.9355010986328,302.4466552734375,169.1085968017578,24.68694305419922,293.3421936035156
2022-02-08 00:00:00-05:00,161.4134979248047,307.3333435058594,172.23147583007812,25.06631088256836,296.8609313964844
2022-02-09 00:00:00-05:00,161.1894989013672,310.6666564941406,173.65989685058594,26.660661697387695,303.3428039550781
2022-02-10 00:00:00-05:00,159.0034942626953,301.51666259765625,169.56173706054688,25.781118392944336,294.7359924316406
2022-02-11 00:00:00-05:00,153.2935028076172,286.6666564941406,166.13345336914062,23.90923500061035,287.5815734863281
2022-02-14 00:00:00-05:00,155.16700744628906,291.9200134277344,166.3699188232422,24.22671127319336,287.5425109863281
2022-02-15 00:00:00-05:00,156.510498046875,307.4766540527344,170.2218017578125,26.451005935668945,292.874267578125
2022-02-16 00:00:00-05:00,158.10049438476562,307.7966613769531,169.9853515625,26.466983795166016,292.5324401855469
2022-02-17 00:00:00-05:00,154.65249633789062,292.1166687011719,166.3699188232422,24.466310501098633,283.96649169921875
2022-02-18 00:00:00-05:00,152.60150146484375,285.6600036621094,164.81338500976562,23.602745056152344,281.2315673828125
2022-02-22 00:00:00-05:00,150.19749450683594,273.84332275390625,161.87767028808594,23.35116195678711,281.0264892578125
2022-02-23 00:00:00-05:00,144.82699584960938,254.67999267578125,157.69085693359375,22.349828720092773,273.74981689453125
2022-02-24 00:00:00-05:00,151.35800170898438,266.92333984375,160.32118225097656,23.70857048034668,287.7366943359375
2022-02-25 00:00:00-05:00,153.7884979248047,269.9566650390625,162.39979553222656,24.11688995361328,290.3933410644531
2022-02-28 00:00:00-05:00,153.56300354003906,290.1433410644531,162.665771484375,24.344512939453125,291.8389587402344
2022-03-01 00:00:00-05:00,151.14199829101562,288.1233215332031,160.77432250976562,23.438018798828125,288.0882873535156
2022-03-02 00:00:00-05:00,152.05250549316406,293.2966613769531,164.0843963623047,24.18390655517578,293.20635986328125
2022-03-03 00:00:00-05:00,147.89849853515625,279.7633361816406,163.75927734375,23.67865753173828,289.0357360839844
2022-03-04 00:00:00-05:00,145.64100646972656,279.42999267578125,160.74476623535156,22.901819229125977,283.11663818359375
2022-03-07 00:00:00-05:00,137.4530029296875,268.1933288574219,156.93231201171875,21.320178985595703,272.4214782714844
2022-03-08 00:00:00-05:00,136.01449584960938,274.79998779296875,155.09991455078125,21.481937408447266,269.43267822265625
2022-03-09 00:00:00-05:00,139.2790069580078,286.3233337402344,160.52801513671875,22.97970199584961,281.7882995605469
2022-03-10 00:00:00-05:00,146.8175048828125,279.4333190917969,156.1638946533203,22.624235153198242,278.946044921875
2022-03-11 00:00:00-05:00,145.52450561523438,265.1166687011719,152.43020629882812,22.067068099975586,273.55450439453125
2022-03-14 00:00:00-04:00,141.85299682617188,255.4566650390625,148.3813018798828,21.2982120513916,270.0088806152344
2022-03-15 00:00:00-04:00,147.3665008544922,267.2966613769531,152.7848663330078,22.93876075744629,280.4697265625
2022-03-16 00:00:00-04:00,153.10400390625,280.07666015625,157.2179718017578,24.459495544433594,287.5413513183594
2022-03-17 00:00:00-04:00,157.23899841308594,290.5333251953125,158.232666015625,24.729095458984375,288.3520202636719
2022-03-18 00:00:00-04:00,161.25050354003906,301.7966613769531,161.542724609375,26.413578033447266,293.4408264160156
2022-03-21 00:00:00-04:00,161.4915008544922,307.0533447265625,162.9219207763672,26.69416046142578,292.2003479003906
2022-03-22 00:00:00-04:00,164.88900756835938,331.32666015625,166.31080627441406,26.48447036743164,296.9863586425781
2022-03-23 00:00:00-04:00,163.4080047607422,333.03668212890625,167.68011474609375,25.595796585083008,292.522705078125
2022-03-24 00:00:00-04:00,163.64950561523438,337.97332763671875,171.48277282714844,28.108049392700195,297.0254211425781
2022-03-25 00:00:00-04:00,164.77349853515625,336.8800048828125,172.12307739257812,27.650728225708008,296.615234375
2022-03-28 00:00:00-04:00,168.99049377441406,363.9466552734375,172.99000549316406,28.176944732666016,303.471923828125
2022-03-29 00:00:00-04:00,169.31500244140625,366.5233459472656,176.3000946044922,28.613296508789062,308.07232666015625
2022-03-30 00:00:00-04:00,166.30099487304688,364.663330078125,175.12774658203125,27.64873695373535,306.5583801269531
2022-03-31 00:00:00-04:00,162.99749755859375,359.20001220703125,172.0147247314453,27.24533462524414,301.13751220703125
2022-04-01 00:00:00-04:00,163.55999755859375,361.5299987792969,171.71917724609375,26.67219352722168,302.2216491699219
2022-04-04 00:00:00-04:00,168.34649658203125,381.8166809082031,175.78781127929688,27.31922721862793,307.6425476074219
2022-04-05 00:00:00-04:00,164.05499267578125,363.7533264160156,172.4580535888672,25.892356872558594,303.647705078125
2022-04-06 00:00:00-04:00,158.75599670410156,348.586669921875,169.27606201171875,24.370624542236328,292.5324401855469
2022-04-07 00:00:00-04:00,157.7845001220703,352.4200134277344,169.58145141601562,24.17192268371582,294.35894775390625
2022-04-08 00:00:00-04:00,154.4604949951172,341.8299865722656,167.56192016601562,23.08454704284668,290.0612487792969
2022-04-11 00:00:00-04:00,151.1219940185547,325.30999755859375,163.2864227294922,21.884336471557617,278.6237487792969
2022-04-12 00:00:00-04:00,150.78750610351562,328.98333740234375,165.1680450439453,21.471952438354492,275.4981384277344
2022-04-13 00:00:00-04:00,155.54100036621094,340.7900085449219,167.86729431152344,22.16990852355957,280.9288024902344
2022-04-14 00:00:00-04:00,151.7064971923828,328.3333435058594,162.8332061767578,21.226316452026367,273.32000732421875
2022-04-18 00:00:00-04:00,152.78500366210938,334.7633361816406,162.6165313720703,21.750537872314453,273.9939880371094
2022-04-19 00:00:00-04:00,158.11549377441406,342.7166748046875,164.91192626953125,22.1649169921875,278.66278076171875
2022-04-20 00:00:00-04:00,153.9980010986328,325.73333740234375,164.74441528320312,21.44998550415039,279.6981201171875
2022-04-21 00:00:00-04:00,148.29600524902344,336.260009765625,163.9464569091797,20.152923583984375,274.2772521972656
2022-04-22 00:00:00-04:00,144.35000610351562,335.01666259765625,159.38528442382812,19.48591423034668,267.65496826171875
2022-04-25 00:00:00-04:00,146.07400512695312,332.67333984375,160.45907592773438,19.87234115600586,274.18939208984375
2022-04-26 00:00:00-04:00,139.39100646972656,292.1400146484375,154.46945190429688,18.76000213623047,263.93359375
2022-04-27 00:00:00-04:00,138.16700744628906,293.836669921875,154.24288940429688,18.387556076049805,276.6311950683594
2022-04-28 00:00:00-04:00,144.59649658203125,292.5033264160156,161.207763671875,19.75251579284668,282.89208984375
2022-04-29 00:00:00-04:00,124.28150177001953,290.2533264160156,155.30679321289062,18.519357681274414,271.06378173828125
2022-05-02 00:00:00-04:00,124.5,300.9800109863281,155.61219787597656,19.503894805908203,277.8520812988281
2022-05-03 00:00:00-04:00,124.25350189208984,303.0833435058594,157.109619140625,19.572786331176758,275.2247009277344
2022-05-04 00:00:00-04:00,125.92849731445312,317.5400085449219,163.5524139404297,20.303695678710938,283.2339172363281
2022-05-05 00:00:00-04:00,116.40699768066406,291.09332275390625,154.43991088867188,18.815919876098633,270.897705078125
2022-05-06 00:00:00-04:00,114.77249908447266,288.54998779296875,155.1699676513672,18.64716911315918,268.33868408203125
2022-05-09 00:00:00-04:00,108.78900146484375,262.3699951171875,150.02000427246094,16.924739837646484,258.4247741699219
2022-05-10 00:00:00-04:00,108.85900115966797,266.67999267578125,152.43711853027344,17.568777084350586,263.2303466796875
2022-05-11 00:00:00-04:00,105.37200164794922,244.6666717529297,144.53456115722656,16.60521697998047,254.48855590820312
2022-05-12 00:00:00-04:00,106.93049621582031,242.6666717529297,140.64743041992188,16.150894165039062,249.40956115722656
2022-05-13 00:00:00-04:00,113.05500030517578,256.5299987792969,145.13641357421875,17.679615020751953,255.04530334472656
2022-05-16 00:00:00-04:00,110.81050109863281,241.4566650390625,143.5874481201172,17.23827362060547,255.4164581298828
2022-05-17 00:00:00-04:00,115.36849975585938,253.8699951171875,147.23782348632812,18.1499080657959,260.6126708984375
2022-05-18 00:00:00-04:00,107.11250305175781,236.60333251953125,138.93080139160156,16.912755966186523,248.7471160888672
2022-05-19 00:00:00-04:00,107.31900024414062,236.47332763671875,135.50732421875,17.098482131958008,247.8268280029297
2022-05-20 00:00:00-04:00,107.59100341796875,221.3000030517578,135.74411010742188,16.66912269592285,247.259033203125
2022-05-23 00:00:00-04:00,107.55699920654297,224.96665954589844,141.19007873535156,16.872817993164062,255.1791534423828
2022-05-24 00:00:00-04:00,104.0999984741211,209.3866729736328,138.4769744873047,16.129926681518555,254.1708221435547
2022-05-25 00:00:00-04:00,106.7750015258789,219.60000610351562,138.6348114013672,16.9497013092041,257.0099182128906
2022-05-26 00:00:00-04:00,111.07749938964844,235.91000366210938,141.85108947753906,17.82439422607422,260.3190002441406
2022-05-27 00:00:00-04:00,115.14649963378906,253.2100067138672,147.6324462890625,18.782968521118164,267.50494384765625
2022-05-31 00:00:00-04:00,120.20950317382812,252.75332641601562,146.8431854248047,18.644174575805664,266.1636657714844
2022-06-01 00:00:00-04:00,121.68399810791016,246.7899932861328,146.71493530273438,18.292701721191406,266.7021179199219
2022-06-02 00:00:00-04:00,125.51100158691406,258.3333435058594,149.18142700195312,19.562801361083984,268.8167724609375
2022-06-03 00:00:00-04:00,122.3499984741211,234.51666259765625,143.4296417236328,18.692102432250977,264.3525390625
2022-06-06 00:00:00-04:00,124.79000091552734,238.27999877929688,144.17942810058594,18.75800132751465,263.10919189453125
2022-06-07 00:00:00-04:00,123.0,238.8866729736328,146.71493530273438,18.897798538208008,266.780517578125
2022-06-08 00:00:00-04:00,121.18000030517578,241.86666870117188,145.97500610351562,18.6241512298584,264.7343444824219
2022-06-09 00:00:00-04:00,116.1500015258789,239.7066650390625,140.7263641357422,18.02490997314453,259.2322998046875
2022-06-10 00:00:00-04:00,109.6500015258789,232.22999572753906,135.29029846191406,16.952287673950195,247.67999267578125
2022-06-13 00:00:00-04:00,103.66999816894531,215.73666381835938,130.11074829101562,15.626984596252441,237.17520141601562
2022-06-14 00:00:00-04:00,102.30999755859375,220.88999938964844,130.97891235351562,15.815742492675781,239.3583984375
2022-06-15 00:00:00-04:00,107.66999816894531,233.0,133.61309814453125,16.505857467651367,246.4757843017578
2022-06-16 00:00:00-04:00,103.66000366210938,213.10000610351562,128.3151397705078,15.581042289733887,239.82830810546875
2022-06-17 00:00:00-04:00,106.22000122070312,216.75999450683594,129.7949981689453,15.859684944152832,242.4520721435547
2022-06-21 00:00:00-04:00,108.68000030517578,237.0366668701172,134.0471954345703,16.54480743408203,248.4142608642578
2022-06-22 00:00:00-04:00,108.94999694824219,236.086669921875,133.5341796875,16.339073181152344,247.81703186035156
2022-06-23 00:00:00-04:00,112.44000244140625,235.07000732421875,136.4149932861328,16.204246520996094,253.42677307128906
2022-06-24 00:00:00-04:00,116.45999908447266,245.7066650390625,139.75955200195312,17.104095458984375,262.0812072753906
2022-06-27 00:00:00-04:00,113.22000122070312,244.9199981689453,139.75955200195312,16.847421646118164,259.3301696777344
2022-06-28 00:00:00-04:00,107.4000015258789,232.663330078125,135.5961456298828,15.961557388305664,251.0967254638672
2022-06-29 00:00:00-04:00,108.91999816894531,228.49000549316406,137.36212158203125,15.52211856842041,254.79739379882812
2022-06-30 00:00:00-04:00,106.20999908447266,224.47332763671875,134.8857879638672,15.139609336853027,251.43939208984375
2022-07-01 00:00:00-04:00,109.55999755859375,227.26333618164062,137.06614685058594,14.50442123413086,254.1316375732422
2022-07-05 00:00:00-04:00,113.5,233.06666564941406,139.66085815429688,14.944857597351074,257.33306884765625
2022-07-06 00:00:00-04:00,114.33000183105469,231.73333740234375,141.00259399414062,15.11064624786377,260.62249755859375
2022-07-07 00:00:00-04:00,116.33000183105469,244.5433349609375,144.38661193847656,15.837713241577148,262.7665100097656
2022-07-08 00:00:00-04:00,115.54000091552734,250.76333618164062,145.06732177734375,15.817739486694336,262.0420837402344
2022-07-11 00:00:00-04:00,111.75,234.3433380126953,142.9264373779297,15.13261890411377,258.95819091796875
2022-07-12 00:00:00-04:00,109.22000122070312,233.07000732421875,143.90316772460938,15.062707901000977,248.34571838378906
2022-07-13 00:00:00-04:00,110.4000015258789,237.0399932861328,143.5381317138672,15.144601821899414,247.41563415527344
2022-07-14 00:00:00-04:00,110.62999725341797,238.31333923339844,146.4781494140625,15.352335929870605,248.7471160888672
2022-07-15 00:00:00-04:00,113.55000305175781,240.06666564941406,148.15533447265625,15.741837501525879,251.33169555664062
2022-07-18 00:00:00-04:00,113.76000213623047,240.54666137695312,145.0969696044922,16.08040428161621,248.91351318359375
2022-07-19 00:00:00-04:00,118.20999908447266,245.52999877929688,148.97421264648438,16.97026252746582,254.08270263671875
2022-07-20 00:00:00-04:00,122.7699966430664,247.5,150.98684692382812,17.78421974182129,256.7652282714844
2022-07-21 00:00:00-04:00,124.62999725341797,271.7066650390625,153.26585388183594,18.02690887451172,259.28131103515625
2022-07-22 00:00:00-04:00,122.41999816894531,272.24334716796875,152.0227508544922,17.29684829711914,254.89527893066406
2022-07-25 00:00:00-04:00,121.13999938964844,268.4333190917969,150.8980712890625,17.00222396850586,253.3974151611328
2022-07-26 00:00:00-04:00,114.80999755859375,258.8599853515625,149.56617736816406,16.511852264404297,246.61282348632812
2022-07-27 00:00:00-04:00,120.97000122070312,274.82000732421875,154.6865234375,17.76724624633789,263.09942626953125
2022-07-28 00:00:00-04:00,122.27999877929688,280.8999938964844,155.239013671875,17.960996627807617,270.60845947265625
2022-07-29 00:00:00-04:00,134.9499969482422,297.1499938964844,160.32981872558594,18.1397647857666,274.8475341796875
2022-08-01 00:00:00-04:00,135.38999938964844,297.27667236328125,159.34323120117188,18.417409896850586,272.1748352050781
2022-08-02 00:00:00-04:00,134.16000366210938,300.586669921875,157.86334228515625,18.502302169799805,269.0517883300781
2022-08-03 00:00:00-04:00,139.52000427246094,307.39666748046875,163.90126037597656,18.868831634521484,276.5412292480469
2022-08-04 00:00:00-04:00,142.57000732421875,308.6333312988281,163.58551025390625,19.1904239654541,277.6963806152344
2022-08-05 00:00:00-04:00,140.8000030517578,288.1700134277344,163.35829162597656,18.964710235595703,276.9720458984375
2022-08-08 00:00:00-04:00,139.41000366210938,290.42333984375,162.88409423828125,17.77023696899414,274.43634033203125
2022-08-09 00:00:00-04:00,137.8300018310547,283.3333435058594,162.93345642089844,17.064144134521484,276.3747863769531
2022-08-10 00:00:00-04:00,142.69000244140625,294.3566589355469,167.20144653320312,18.073850631713867,283.0908203125
2022-08-11 00:00:00-04:00,140.63999938964844,286.6300048828125,166.4604949951172,17.919048309326172,280.9957275390625
2022-08-12 00:00:00-04:00,143.5500030517578,300.0299987792969,170.02700805664062,18.68506622314453,285.7830810546875
2022-08-15 00:00:00-04:00,143.17999267578125,309.32000732421875,171.10385131835938,19.007654190063477,287.3102722167969
2022-08-16 00:00:00-04:00,144.77999877929688,306.5633239746094,170.94581604003906,18.85485076904297,286.5662841796875
2022-08-17 00:00:00-04:00,142.10000610351562,303.9966735839844,172.4474639892578,18.31154441833496,285.81085205078125
2022-08-18 00:00:00-04:00,142.3000030517578,302.8699951171875,172.0522918701172,18.748987197875977,284.6825866699219
2022-08-19 00:00:00-04:00,138.22999572753906,296.6666564941406,169.4539794921875,17.8261661529541,280.73858642578125
2022-08-22 00:00:00-04:00,133.22000122070312,289.913330078125,165.55152893066406,17.012208938598633,272.49749755859375
2022-08-23 00:00:00-04:00,133.6199951171875,296.4533386230469,165.21563720703125,17.15902328491211,271.21221923828125
2022-08-24 00:00:00-04:00,133.8000030517578,297.0966796875,165.51202392578125,17.199970245361328,270.5745544433594
2022-08-25 00:00:00-04:00,137.27999877929688,296.07000732421875,167.98191833496094,17.89008331298828,273.57666015625
2022-08-26 00:00:00-04:00,130.75,288.0899963378906,161.6491241455078,16.23920440673828,263.0201110839844
2022-08-29 00:00:00-04:00,129.7899932861328,284.82000732421875,159.4361114501953,15.780787467956543,260.2142333984375
2022-08-30 00:00:00-04:00,128.72999572753906,277.70001220703125,156.9958953857422,15.448213577270508,257.9969787597656
2022-08-31 00:00:00-04:00,126.7699966430664,275.6099853515625,155.3262481689453,15.074692726135254,256.52532958984375
2022-09-01 00:00:00-04:00,127.81999969482422,277.1600036621094,156.05731201171875,13.919173240661621,255.47561645507812
2022-09-02 00:00:00-04:00,127.51000213623047,270.2099914550781,153.93319702148438,13.62954330444336,251.21763610839844
2022-09-06 00:00:00-04:00,126.11000061035156,274.4200134277344,152.6686248779297,13.447775840759277,248.46078491210938
2022-09-07 00:00:00-04:00,129.47999572753906,283.70001220703125,154.08139038085938,13.70052719116211,253.209228515625
2022-09-08 00:00:00-04:00,129.82000732421875,289.260009765625,152.59945678710938,13.976255416870117,253.63113403320312
2022-09-09 00:00:00-04:00,133.27000427246094,299.67999267578125,155.4744110107422,14.3728666305542,259.45880126953125
2022-09-12 00:00:00-04:00,136.4499969482422,304.4200134277344,161.46142578125,14.490751266479492,261.6073913574219
2022-09-13 00:00:00-04:00,126.81999969482422,292.1300048828125,151.9869384765625,13.1181001663208,247.2246551513672
2022-09-14 00:00:00-04:00,128.5500030517578,302.6099853515625,153.43922424316406,13.115103721618652,247.45025634765625
2022-09-15 00:00:00-04:00,126.27999877929688,303.75,150.53465270996094,12.916296005249023,240.73959350585938
2022-09-16 00:00:00-04:00,123.52999877929688,303.3500061035156,148.884765625,13.185032844543457,240.1117401123047
2022-09-19 00:00:00-04:00,124.66000366210938,309.07000732421875,152.61924743652344,13.368851661682129,239.89588928222656
2022-09-20 00:00:00-04:00,122.19000244140625,308.7300109863281,155.0100555419922,13.163054466247559,237.8650360107422
2022-09-21 00:00:00-04:00,118.54000091552734,300.79998779296875,151.86839294433594,13.247970581054688,234.43121337890625
2022-09-22 00:00:00-04:00,117.30999755859375,288.5899963378906,150.9001922607422,12.548659324645996,236.4228057861328
2022-09-23 00:00:00-04:00,113.77999877929688,275.3299865722656,148.61801147460938,12.503704071044922,233.4207000732422
2022-09-26 00:00:00-04:00,115.1500015258789,276.010009765625,148.95391845703125,12.215987205505371,232.95957946777344
2022-09-27 00:00:00-04:00,114.41000366210938,282.94000244140625,149.93199157714844,12.400805473327637,231.93923950195312
2022-09-28 00:00:00-04:00,118.01000213623047,287.80999755859375,148.0351104736328,12.723487854003906,236.51113891601562
2022-09-29 00:00:00-04:00,114.80000305175781,268.2099914550781,140.76376342773438,12.207995414733887,233.0086212158203
2022-09-30 00:00:00-04:00,113.0,265.25,136.53533935546875,12.127074241638184,228.49562072753906
2022-10-03 00:00:00-04:00,115.87999725341797,242.39999389648438,140.734130859375,12.499707221984863,236.18736267089844
2022-10-04 00:00:00-04:00,121.08999633789062,249.44000244140625,144.34017944335938,13.15406608581543,244.17343139648438
2022-10-05 00:00:00-04:00,120.94999694824219,240.80999755859375,144.6365509033203,13.196022033691406,244.48736572265625
2022-10-06 00:00:00-04:00,120.30000305175781,238.1300048828125,143.67823791503906,13.117101669311523,242.1229248046875
2022-10-07 00:00:00-04:00,114.55999755859375,223.07000732421875,138.40255737304688,12.064136505126953,229.810302734375
2022-10-10 00:00:00-04:00,113.66999816894531,222.9600067138672,138.72857666015625,11.65853500366211,224.91464233398438
2022-10-11 00:00:00-04:00,112.20999908447266,216.5,137.30593872070312,11.574616432189941,221.14724731445312
2022-10-12 00:00:00-04:00,112.9000015258789,217.24000549316406,136.67364501953125,11.488702774047852,221.4808349609375
2022-10-13 00:00:00-04:00,112.52999877929688,221.72000122070312,141.2676239013672,11.948250770568848,229.810302734375
2022-10-14 00:00:00-04:00,106.9000015258789,204.99000549316406,136.71316528320312,11.215970993041992,224.2376708984375
2022-10-17 00:00:00-04:00,113.79000091552734,219.35000610351562,140.6946258544922,11.876319885253906,233.03805541992188
2022-10-18 00:00:00-04:00,116.36000061035156,220.19000244140625,142.01844787597656,11.955243110656738,233.98971557617188
2022-10-19 00:00:00-04:00,115.06999969482422,222.0399932861328,142.1271514892578,12.039161682128906,232.0079345703125
2022-10-20 00:00:00-04:00,115.25,207.27999877929688,141.66281127929688,12.18202018737793,231.68418884277344
2022-10-21 00:00:00-04:00,119.31999969482422,214.44000244140625,145.49607849121094,12.453753471374512,237.54127502441406
2022-10-24 00:00:00-04:00,119.81999969482422,211.25,147.6498260498047,12.586624145507812,242.57424926757812
2022-10-25 00:00:00-04:00,120.5999984741211,222.4199981689453,150.5050048828125,13.247970581054688,245.91978454589844
2022-10-26 00:00:00-04:00,115.66000366210938,224.63999938964844,147.55101013183594,12.883330345153809,226.94549560546875
2022-10-27 00:00:00-04:00,110.95999908447266,225.08999633789062,143.05581665039062,13.163054466247559,222.4619140625
2022-10-28 00:00:00-04:00,103.41000366210938,228.52000427246094,153.86407470703125,13.820409774780273,231.40945434570312
2022-10-31 00:00:00-04:00,102.44000244140625,227.5399932861328,151.4929656982422,13.483739852905273,227.74020385742188
2022-11-01 00:00:00-04:00,96.79000091552734,227.82000732421875,148.83535766601562,13.529696464538574,223.85507202148438
2022-11-02 00:00:00-04:00,92.12000274658203,214.97999572753906,143.2830810546875,13.206013679504395,215.93771362304688
2022-11-03 00:00:00-04:00,89.30000305175781,215.30999755859375,137.20713806152344,13.407815933227539,210.19830322265625
2022-11-04 00:00:00-04:00,90.9800033569336,207.47000122070312,136.93995666503906,14.142093658447266,217.20330810546875
2022-11-07 00:00:00-05:00,90.52999877929688,197.0800018310547,137.4743194580078,14.286951065063477,223.56072998046875
2022-11-08 00:00:00-05:00,89.9800033569336,191.3000030517578,138.04830932617188,14.587654113769531,224.54183959960938
2022-11-09 00:00:00-05:00,86.13999938964844,177.58999633789062,133.4664764404297,13.762466430664062,220.2642822265625
2022-11-10 00:00:00-05:00,96.62999725341797,190.72000122070312,145.3415985107422,15.734527587890625,238.385009765625
2022-11-11 00:00:00-05:00,100.79000091552734,195.97000122070312,148.1421356201172,16.310958862304688,242.43690490722656
2022-11-14 00:00:00-05:00,98.48999786376953,190.9499969482422,146.73692321777344,16.27899169921875,236.98207092285156
2022-11-15 00:00:00-05:00,98.94000244140625,194.4199981689453,148.47862243652344,16.649625778198242,237.3941192626953
2022-11-16 00:00:00-05:00,97.12000274658203,186.9199981689453,147.24163818359375,15.894370079040527,237.82699584960938
2022-11-17 00:00:00-05:00,94.8499984741211,183.1699981689453,149.15155029296875,15.661600112915039,237.7777862548828
2022-11-18 00:00:00-05:00,94.13999938964844,180.19000244140625,149.715576171875,15.393863677978516,237.32522583007812
2022-11-21 00:00:00-05:00,92.45999908447266,167.8699951171875,146.4697265625,15.301953315734863,238.141845703125
2022-11-22 00:00:00-05:00,93.19999694824219,169.91000366210938,148.61715698242188,16.022245407104492,241.0736846923828
2022-11-23 00:00:00-05:00,94.12999725341797,183.1999969482422,149.4979248046875,16.50277328491211,243.58253479003906
2022-11-25 00:00:00-05:00,93.41000366210938,182.86000061035156,146.56869506835938,16.25401496887207,243.49398803710938
2022-11-28 00:00:00-05:00,93.94999694824219,182.9199981689453,142.71917724609375,15.811450958251953,237.85650634765625
2022-11-29 00:00:00-05:00,92.41999816894531,180.8300018310547,139.70091247558594,15.623635292053223,236.44961547851562
2022-11-30 00:00:00-05:00,96.54000091552734,194.6999969482422,146.48953247070312,16.91069984436035,251.02047729492188
2022-12-01 00:00:00-05:00,95.5,194.6999969482422,146.76663208007812,17.12254524230957,250.57772827148438
2022-12-02 00:00:00-05:00,94.12999725341797,194.86000061035156,146.2718048095703,16.86373519897461,250.90243530273438
2022-12-05 00:00:00-05:00,91.01000213623047,182.4499969482422,145.10411071777344,16.597925186157227,246.16024780273438
2022-12-06 00:00:00-05:00,88.25,179.82000732421875,141.42282104492188,15.975379943847656,241.16226196289062
2022-12-07 00:00:00-05:00,88.45999908447266,174.0399932861328,139.4733123779297,16.10828399658203,240.4243621826172
2022-12-08 00:00:00-05:00,90.3499984741211,173.44000244140625,141.16551208496094,17.156522750854492,243.4054412841797
2022-12-09 00:00:00-05:00,89.08999633789062,179.0500030517578,140.6806182861328,16.9886417388916,241.45741271972656
